[2026-09-10 11:18:51] local.ERROR: SQLSTATE[HY000] [1698] Access denied for user 'root'@'localhost' (Connection: mariadb, Host: 127.0.0.1, Port: 3306, Database: noob_fyi, SQL: select exists (select 1 from information_schema.tables where table_schema = schema() and table_name = 'migrations' and table_type in ('BASE TABLE', 'SYSTEM VERSIONED')) as `exists`) {"exception":"[object] (Illuminate\\Database\\QueryException(code: 1698): SQLSTATE[HY000] [1698] Access denied for user 'root'@'localhost' (Connection: mariadb, Host: 127.0.0.1, Port: 3306, Database: noob_fyi, SQL: select exists (select 1 from information_schema.tables where table_schema = schema() and table_name = 'migrations' and table_type in ('BASE TABLE', 'SYSTEM VERSIONED')) as `exists`) at /home/n0o0b090lv/DEV/LANG/LARAVEL/NOOB_FYI/vendor/laravel/framework/src/Illuminate/Database/Connection.php:857)
[stacktrace]
#0 /home/n0o0b090lv/DEV/LANG/LARAVEL/NOOB_FYI/vendor/laravel/framework/src/Illuminate/Database/Connection.php(813): Illuminate\\Database\\Connection->runQueryCallback('select exists (...', Array, Object(Closure))
#1 /home/n0o0b090lv/DEV/LANG/LARAVEL/NOOB_FYI/vendor/laravel/framework/src/Illuminate/Database/Connection.php(426): Illuminate\\Database\\Connection->run('select exists (...', Array, Object(Closure))
#2 /home/n0o0b090lv/DEV/LANG/LARAVEL/NOOB_FYI/vendor/laravel/framework/src/Illuminate/Database/Connection.php(371): Illuminate\\Database\\Connection->select('select exists (...', Array, true)
#3 /home/n0o0b090lv/DEV/LANG/LARAVEL/NOOB_FYI/vendor/laravel/framework/src/Illuminate/Database/Connection.php(388): Illuminate\\Database\\Connection->selectOne('select exists (...', Array, true)
#4 /home/n0o0b090lv/DEV/LANG/LARAVEL/NOOB_FYI/vendor/laravel/framework/src/Illuminate/Database/Schema/Builder.php(176): Illuminate\\Database\\Connection->scalar('select exists (...')
#5 /home/n0o0b090lv/DEV/LANG/LARAVEL/NOOB_FYI/vendor/laravel/framework/src/Illuminate/Database/Migrations/DatabaseMigrationRepository.php(185): Illuminate\\Database\\Schema\\Builder->hasTable('migrations')
#6 /home/n0o0b090lv/DEV/LANG/LARAVEL/NOOB_FYI/vendor/laravel/framework/src/Illuminate/Database/Migrations/Migrator.php(797): Illuminate\\Database\\Migrations\\DatabaseMigrationRepository->repositoryExists()
#7 /home/n0o0b090lv/DEV/LANG/LARAVEL/NOOB_FYI/vendor/laravel/framework/src/Illuminate/Database/Console/Migrations/MigrateCommand.php(166): Illuminate\\Database\\Migrations\\Migrator->repositoryExists()
#8 /home/n0o0b090lv/DEV/LANG/LARAVEL/NOOB_FYI/vendor/laravel/framework/src/Illuminate/Support/helpers.php(328): Illuminate\\Database\\Console\\Migrations\\MigrateCommand->{closure:Illuminate\\Database\\Console\\Migrations\\MigrateCommand::repositoryExists():166}(1)
#9 /home/n0o0b090lv/DEV/LANG/LARAVEL/NOOB_FYI/vendor/laravel/framework/src/Illuminate/Database/Console/Migrations/MigrateCommand.php(166): retry(1, Object(Closure), 0, Object(Closure))
#10 /home/n0o0b090lv/DEV/LANG/LARAVEL/NOOB_FYI/vendor/laravel/framework/src/Illuminate/Database/Console/Migrations/MigrateCommand.php(142): Illuminate\\Database\\Console\\Migrations\\MigrateCommand->repositoryExists()
#11 /home/n0o0b090lv/DEV/LANG/LARAVEL/NOOB_FYI/vendor/laravel/framework/src/Illuminate/Database/Console/Migrations/MigrateCommand.php(112): Illuminate\\Database\\Console\\Migrations\\MigrateCommand->prepareDatabase()
#12 /home/n0o0b090lv/DEV/LANG/LARAVEL/NOOB_FYI/vendor/laravel/framework/src/Illuminate/Database/Migrations/Migrator.php(672): Illuminate\\Database\\Console\\Migrations\\MigrateCommand->{closure:Illuminate\\Database\\Console\\Migrations\\MigrateCommand::runMigrations():111}()
#13 /home/n0o0b090lv/DEV/LANG/LARAVEL/NOOB_FYI/vendor/laravel/framework/src/Illuminate/Database/Console/Migrations/MigrateCommand.php(111): Illuminate\\Database\\Migrations\\Migrator->usingConnection(NULL, Object(Closure))
#14 /home/n0o0b090lv/DEV/LANG/LARAVEL/NOOB_FYI/vendor/laravel/framework/src/Illuminate/Database/Console/Migrations/MigrateCommand.php(90): Illuminate\\Database\\Console\\Migrations\\MigrateCommand->runMigrations()
#15 /home/n0o0b090lv/DEV/LANG/LARAVEL/NOOB_FYI/vendor/laravel/framework/src/Illuminate/Container/BoundMethod.php(36): Illuminate\\Database\\Console\\Migrations\\MigrateCommand->handle()
#16 /home/n0o0b090lv/DEV/LANG/LARAVEL/NOOB_FYI/vendor/laravel/framework/src/Illuminate/Container/Util.php(43): Illuminate\\Container\\BoundMethod::{closure:Illuminate\\Container\\BoundMethod::call():35}()
#17 /home/n0o0b090lv/DEV/LANG/LARAVEL/NOOB_FYI/vendor/laravel/framework/src/Illuminate/Container/BoundMethod.php(96): Illuminate\\Container\\Util::unwrapIfClosure(Object(Closure))
#18 /home/n0o0b090lv/DEV/LANG/LARAVEL/NOOB_FYI/vendor/laravel/framework/src/Illuminate/Container/BoundMethod.php(35): Illuminate\\Container\\BoundMethod::callBoundMethod(Object(Illuminate\\Foundation\\Application), Array, Object(Closure))
#19 /home/n0o0b090lv/DEV/LANG/LARAVEL/NOOB_FYI/vendor/laravel/framework/src/Illuminate/Container/Container.php(803): Illuminate\\Container\\BoundMethod::call(Object(Illuminate\\Foundation\\Application), Array, Array, NULL)
#20 /home/n0o0b090lv/DEV/LANG/LARAVEL/NOOB_FYI/vendor/laravel/framework/src/Illuminate/Console/Command.php(292): Illuminate\\Container\\Container->call(Array)
#21 /home/n0o0b090lv/DEV/LANG/LARAVEL/NOOB_FYI/vendor/symfony/console/Command/Command.php(285): Illuminate\\Console\\Command->execute(Object(Symfony\\Component\\Console\\Input\\ArgvInput), Object(Illuminate\\Console\\OutputStyle))
#22 /home/n0o0b090lv/DEV/LANG/LARAVEL/NOOB_FYI/vendor/laravel/framework/src/Illuminate/Console/Command.php(261): Symfony\\Component\\Console\\Command\\Command->run(Object(Symfony\\Component\\Console\\Input\\ArgvInput), Object(Illuminate\\Console\\OutputStyle))
#23 /home/n0o0b090lv/DEV/LANG/LARAVEL/NOOB_FYI/vendor/symfony/console/Application.php(1144): Illuminate\\Console\\Command->run(Object(Symfony\\Component\\Console\\Input\\ArgvInput), Object(Symfony\\Component\\Console\\Output\\ConsoleOutput))
#24 /home/n0o0b090lv/DEV/LANG/LARAVEL/NOOB_FYI/vendor/symfony/console/Application.php(379): Symfony\\Component\\Console\\Application->doRunCommand(Object(Illuminate\\Database\\Console\\Migrations\\MigrateCommand), Object(Symfony\\Component\\Console\\Input\\ArgvInput), Object(Symfony\\Component\\Console\\Output\\ConsoleOutput))
#25 /home/n0o0b090lv/DEV/LANG/LARAVEL/NOOB_FYI/vendor/symfony/console/Application.php(218): Symfony\\Component\\Console\\Application->doRun(Object(Symfony\\Component\\Console\\Input\\ArgvInput), Object(Symfony\\Component\\Console\\Output\\ConsoleOutput))
#26 /home/n0o0b090lv/DEV/LANG/LARAVEL/NOOB_FYI/vendor/laravel/framework/src/Illuminate/Foundation/Console/Kernel.php(198): Symfony\\Component\\Console\\Application->run(Object(Symfony\\Component\\Console\\Input\\ArgvInput), Object(Symfony\\Component\\Console\\Output\\ConsoleOutput))
#27 /home/n0o0b090lv/DEV/LANG/LARAVEL/NOOB_FYI/vendor/laravel/framework/src/Illuminate/Foundation/Application.php(1242): Illuminate\\Foundation\\Console\\Kernel->handle(Object(Symfony\\Component\\Console\\Input\\ArgvInput), Object(Symfony\\Component\\Console\\Output\\ConsoleOutput))
#28 /home/n0o0b090lv/DEV/LANG/LARAVEL/NOOB_FYI/artisan(16): Illuminate\\Foundation\\Application->handleCommand(Object(Symfony\\Component\\Console\\Input\\ArgvInput))
#29 {main}

[previous exception] [object] (PDOException(code: 1698): SQLSTATE[HY000] [1698] Access denied for user 'root'@'localhost' at /home/n0o0b090lv/DEV/LANG/LARAVEL/NOOB_FYI/vendor/laravel/framework/src/Illuminate/Database/Connectors/Connector.php:67)
[stacktrace]
#0 /home/n0o0b090lv/DEV/LANG/LARAVEL/NOOB_FYI/vendor/laravel/framework/src/Illuminate/Database/Connectors/Connector.php(67): PDO::connect('mysql:host=127....', 'root', Object(SensitiveParameterValue), Array)
#1 /home/n0o0b090lv/DEV/LANG/LARAVEL/NOOB_FYI/vendor/laravel/framework/src/Illuminate/Database/Connectors/Connector.php(44): Illuminate\\Database\\Connectors\\Connector->createPdoConnection('mysql:host=127....', 'root', Object(SensitiveParameterValue), Array)
#2 /home/n0o0b090lv/DEV/LANG/LARAVEL/NOOB_FYI/vendor/laravel/framework/src/Illuminate/Database/Connectors/MySqlConnector.php(24): Illuminate\\Database\\Connectors\\Connector->createConnection('mysql:host=127....', Array, Array)
#3 /home/n0o0b090lv/DEV/LANG/LARAVEL/NOOB_FYI/vendor/laravel/framework/src/Illuminate/Database/Connectors/ConnectionFactory.php(220): Illuminate\\Database\\Connectors\\MySqlConnector->connect(Array)
#4 [internal function]: Illuminate\\Database\\Connectors\\ConnectionFactory->{closure:Illuminate\\Database\\Connectors\\ConnectionFactory::createPdoResolverWithHosts():213}()
#5 /home/n0o0b090lv/DEV/LANG/LARAVEL/NOOB_FYI/vendor/laravel/framework/src/Illuminate/Database/Connection.php(1298): call_user_func(Object(Closure))
#6 /home/n0o0b090lv/DEV/LANG/LARAVEL/NOOB_FYI/vendor/laravel/framework/src/Illuminate/Database/Connection.php(1336): Illuminate\\Database\\Connection->getPdo()
#7 /home/n0o0b090lv/DEV/LANG/LARAVEL/NOOB_FYI/vendor/laravel/framework/src/Illuminate/Database/Connection.php(542): Illuminate\\Database\\Connection->getReadPdo()
#8 /home/n0o0b090lv/DEV/LANG/LARAVEL/NOOB_FYI/vendor/laravel/framework/src/Illuminate/Database/Connection.php(435): Illuminate\\Database\\Connection->getPdoForSelect(true)
#9 /home/n0o0b090lv/DEV/LANG/LARAVEL/NOOB_FYI/vendor/laravel/framework/src/Illuminate/Database/Connection.php(846): Illuminate\\Database\\Connection->{closure:Illuminate\\Database\\Connection::select():426}('select exists (...', Array)
#10 /home/n0o0b090lv/DEV/LANG/LARAVEL/NOOB_FYI/vendor/laravel/framework/src/Illuminate/Database/Connection.php(813): Illuminate\\Database\\Connection->runQueryCallback('select exists (...', Array, Object(Closure))
#11 /home/n0o0b090lv/DEV/LANG/LARAVEL/NOOB_FYI/vendor/laravel/framework/src/Illuminate/Database/Connection.php(426): Illuminate\\Database\\Connection->run('select exists (...', Array, Object(Closure))
#12 /home/n0o0b090lv/DEV/LANG/LARAVEL/NOOB_FYI/vendor/laravel/framework/src/Illuminate/Database/Connection.php(371): Illuminate\\Database\\Connection->select('select exists (...', Array, true)
#13 /home/n0o0b090lv/DEV/LANG/LARAVEL/NOOB_FYI/vendor/laravel/framework/src/Illuminate/Database/Connection.php(388): Illuminate\\Database\\Connection->selectOne('select exists (...', Array, true)
#14 /home/n0o0b090lv/DEV/LANG/LARAVEL/NOOB_FYI/vendor/laravel/framework/src/Illuminate/Database/Schema/Builder.php(176): Illuminate\\Database\\Connection->scalar('select exists (...')
#15 /home/n0o0b090lv/DEV/LANG/LARAVEL/NOOB_FYI/vendor/laravel/framework/src/Illuminate/Database/Migrations/DatabaseMigrationRepository.php(185): Illuminate\\Database\\Schema\\Builder->hasTable('migrations')
#16 /home/n0o0b090lv/DEV/LANG/LARAVEL/NOOB_FYI/vendor/laravel/framework/src/Illuminate/Database/Migrations/Migrator.php(797): Illuminate\\Database\\Migrations\\DatabaseMigrationRepository->repositoryExists()
#17 /home/n0o0b090lv/DEV/LANG/LARAVEL/NOOB_FYI/vendor/laravel/framework/src/Illuminate/Database/Console/Migrations/MigrateCommand.php(166): Illuminate\\Database\\Migrations\\Migrator->repositoryExists()
#18 /home/n0o0b090lv/DEV/LANG/LARAVEL/NOOB_FYI/vendor/laravel/framework/src/Illuminate/Support/helpers.php(328): Illuminate\\Database\\Console\\Migrations\\MigrateCommand->{closure:Illuminate\\Database\\Console\\Migrations\\MigrateCommand::repositoryExists():166}(1)
#19 /home/n0o0b090lv/DEV/LANG/LARAVEL/NOOB_FYI/vendor/laravel/framework/src/Illuminate/Database/Console/Migrations/MigrateCommand.php(166): retry(1, Object(Closure), 0, Object(Closure))
#20 /home/n0o0b090lv/DEV/LANG/LARAVEL/NOOB_FYI/vendor/laravel/framework/src/Illuminate/Database/Console/Migrations/MigrateCommand.php(142): Illuminate\\Database\\Console\\Migrations\\MigrateCommand->repositoryExists()
#21 /home/n0o0b090lv/DEV/LANG/LARAVEL/NOOB_FYI/vendor/laravel/framework/src/Illuminate/Database/Console/Migrations/MigrateCommand.php(112): Illuminate\\Database\\Console\\Migrations\\MigrateCommand->prepareDatabase()
#22 /home/n0o0b090lv/DEV/LANG/LARAVEL/NOOB_FYI/vendor/laravel/framework/src/Illuminate/Database/Migrations/Migrator.php(672): Illuminate\\Database\\Console\\Migrations\\MigrateCommand->{closure:Illuminate\\Database\\Console\\Migrations\\MigrateCommand::runMigrations():111}()
#23 /home/n0o0b090lv/DEV/LANG/LARAVEL/NOOB_FYI/vendor/laravel/framework/src/Illuminate/Database/Console/Migrations/MigrateCommand.php(111): Illuminate\\Database\\Migrations\\Migrator->usingConnection(NULL, Object(Closure))
#24 /home/n0o0b090lv/DEV/LANG/LARAVEL/NOOB_FYI/vendor/laravel/framework/src/Illuminate/Database/Console/Migrations/MigrateCommand.php(90): Illuminate\\Database\\Console\\Migrations\\MigrateCommand->runMigrations()
#25 /home/n0o0b090lv/DEV/LANG/LARAVEL/NOOB_FYI/vendor/laravel/framework/src/Illuminate/Container/BoundMethod.php(36): Illuminate\\Database\\Console\\Migrations\\MigrateCommand->handle()
#26 /home/n0o0b090lv/DEV/LANG/LARAVEL/NOOB_FYI/vendor/laravel/framework/src/Illuminate/Container/Util.php(43): Illuminate\\Container\\BoundMethod::{closure:Illuminate\\Container\\BoundMethod::call():35}()
#27 /home/n0o0b090lv/DEV/LANG/LARAVEL/NOOB_FYI/vendor/laravel/framework/src/Illuminate/Container/BoundMethod.php(96): Illuminate\\Container\\Util::unwrapIfClosure(Object(Closure))
#28 /home/n0o0b090lv/DEV/LANG/LARAVEL/NOOB_FYI/vendor/laravel/framework/src/Illuminate/Container/BoundMethod.php(35): Illuminate\\Container\\BoundMethod::callBoundMethod(Object(Illuminate\\Foundation\\Application), Array, Object(Closure))
#29 /home/n0o0b090lv/DEV/LANG/LARAVEL/NOOB_FYI/vendor/laravel/framework/src/Illuminate/Container/Container.php(803): Illuminate\\Container\\BoundMethod::call(Object(Illuminate\\Foundation\\Application), Array, Array, NULL)
#30 /home/n0o0b090lv/DEV/LANG/LARAVEL/NOOB_FYI/vendor/laravel/framework/src/Illuminate/Console/Command.php(292): Illuminate\\Container\\Container->call(Array)
#31 /home/n0o0b090lv/DEV/LANG/LARAVEL/NOOB_FYI/vendor/symfony/console/Command/Command.php(285): Illuminate\\Console\\Command->execute(Object(Symfony\\Component\\Console\\Input\\ArgvInput), Object(Illuminate\\Console\\OutputStyle))
#32 /home/n0o0b090lv/DEV/LANG/LARAVEL/NOOB_FYI/vendor/laravel/framework/src/Illuminate/Console/Command.php(261): Symfony\\Component\\Console\\Command\\Command->run(Object(Symfony\\Component\\Console\\Input\\ArgvInput), Object(Illuminate\\Console\\OutputStyle))
#33 /home/n0o0b090lv/DEV/LANG/LARAVEL/NOOB_FYI/vendor/symfony/console/Application.php(1144): Illuminate\\Console\\Command->run(Object(Symfony\\Component\\Console\\Input\\ArgvInput), Object(Symfony\\Component\\Console\\Output\\ConsoleOutput))
#34 /home/n0o0b090lv/DEV/LANG/LARAVEL/NOOB_FYI/vendor/symfony/console/Application.php(379): Symfony\\Component\\Console\\Application->doRunCommand(Object(Illuminate\\Database\\Console\\Migrations\\MigrateCommand), Object(Symfony\\Component\\Console\\Input\\ArgvInput), Object(Symfony\\Component\\Console\\Output\\ConsoleOutput))
#35 /home/n0o0b090lv/DEV/LANG/LARAVEL/NOOB_FYI/vendor/symfony/console/Application.php(218): Symfony\\Component\\Console\\Application->doRun(Object(Symfony\\Component\\Console\\Input\\ArgvInput), Object(Symfony\\Component\\Console\\Output\\ConsoleOutput))
#36 /home/n0o0b090lv/DEV/LANG/LARAVEL/NOOB_FYI/vendor/laravel/framework/src/Illuminate/Foundation/Console/Kernel.php(198): Symfony\\Component\\Console\\Application->run(Object(Symfony\\Component\\Console\\Input\\ArgvInput), Object(Symfony\\Component\\Console\\Output\\ConsoleOutput))
#37 /home/n0o0b090lv/DEV/LANG/LARAVEL/NOOB_FYI/vendor/laravel/framework/src/Illuminate/Foundation/Application.php(1242): Illuminate\\Foundation\\Console\\Kernel->handle(Object(Symfony\\Component\\Console\\Input\\ArgvInput), Object(Symfony\\Component\\Console\\Output\\ConsoleOutput))
#38 /home/n0o0b090lv/DEV/LANG/LARAVEL/NOOB_FYI/artisan(16): Illuminate\\Foundation\\Application->handleCommand(Object(Symfony\\Component\\Console\\Input\\ArgvInput))
#39 {main}
"} 
[2026-09-10 11:29:54] local.ERROR: SQLSTATE[HY000] [1698] Access denied for user 'root'@'localhost' (Connection: mariadb, Host: 127.0.0.1, Port: 3306, Database: noob_fyi, SQL: select * from `cache` where `key` in (laravel-cache-illuminate:queues:paused)) {"exception":"[object] (Illuminate\\Database\\QueryException(code: 1698): SQLSTATE[HY000] [1698] Access denied for user 'root'@'localhost' (Connection: mariadb, Host: 127.0.0.1, Port: 3306, Database: noob_fyi, SQL: select * from `cache` where `key` in (laravel-cache-illuminate:queues:paused)) at /home/n0o0b090lv/DEV/LANG/LARAVEL/NOOB_FYI/vendor/laravel/framework/src/Illuminate/Database/Connection.php:857)
[stacktrace]
#0 /home/n0o0b090lv/DEV/LANG/LARAVEL/NOOB_FYI/vendor/laravel/framework/src/Illuminate/Database/Connection.php(813): Illuminate\\Database\\Connection->runQueryCallback('select * from `...', Array, Object(Closure))
#1 /home/n0o0b090lv/DEV/LANG/LARAVEL/NOOB_FYI/vendor/laravel/framework/src/Illuminate/Database/Connection.php(426): Illuminate\\Database\\Connection->run('select * from `...', Array, Object(Closure))
#2 /home/n0o0b090lv/DEV/LANG/LARAVEL/NOOB_FYI/vendor/laravel/framework/src/Illuminate/Database/Query/Builder.php(3629): Illuminate\\Database\\Connection->select('select * from `...', Array, true, Array)
#3 /home/n0o0b090lv/DEV/LANG/LARAVEL/NOOB_FYI/vendor/laravel/framework/src/Illuminate/Database/Query/Builder.php(3613): Illuminate\\Database\\Query\\Builder->runSelect()
#4 /home/n0o0b090lv/DEV/LANG/LARAVEL/NOOB_FYI/vendor/laravel/framework/src/Illuminate/Cache/DatabaseStore.php(142): Illuminate\\Database\\Query\\Builder->get()
#5 /home/n0o0b090lv/DEV/LANG/LARAVEL/NOOB_FYI/vendor/laravel/framework/src/Illuminate/Cache/DatabaseStore.php(117): Illuminate\\Cache\\DatabaseStore->many(Array)
#6 /home/n0o0b090lv/DEV/LANG/LARAVEL/NOOB_FYI/vendor/laravel/framework/src/Illuminate/Cache/Repository.php(138): Illuminate\\Cache\\DatabaseStore->get('illuminate:queu...')
#7 /home/n0o0b090lv/DEV/LANG/LARAVEL/NOOB_FYI/vendor/laravel/framework/src/Illuminate/Queue/QueueManager.php(347): Illuminate\\Cache\\Repository->get('illuminate:queu...')
#8 /home/n0o0b090lv/DEV/LANG/LARAVEL/NOOB_FYI/vendor/laravel/framework/src/Illuminate/Queue/Worker.php(509): Illuminate\\Queue\\QueueManager->getPausedQueues('database', Array)
#9 /home/n0o0b090lv/DEV/LANG/LARAVEL/NOOB_FYI/vendor/laravel/framework/src/Illuminate/Queue/Worker.php(466): Illuminate\\Queue\\Worker->getPausedQueues('database', Array)
#10 /home/n0o0b090lv/DEV/LANG/LARAVEL/NOOB_FYI/vendor/laravel/framework/src/Illuminate/Queue/Worker.php(426): Illuminate\\Queue\\Worker->getNextJob(Object(Illuminate\\Queue\\DatabaseQueue), 'default')
#11 /home/n0o0b090lv/DEV/LANG/LARAVEL/NOOB_FYI/vendor/laravel/framework/src/Illuminate/Queue/Console/WorkCommand.php(152): Illuminate\\Queue\\Worker->runNextJob('database', 'default', Object(Illuminate\\Queue\\WorkerOptions))
#12 /home/n0o0b090lv/DEV/LANG/LARAVEL/NOOB_FYI/vendor/laravel/framework/src/Illuminate/Queue/Console/WorkCommand.php(135): Illuminate\\Queue\\Console\\WorkCommand->runWorker('database', 'default')
#13 /home/n0o0b090lv/DEV/LANG/LARAVEL/NOOB_FYI/vendor/laravel/framework/src/Illuminate/Container/BoundMethod.php(36): Illuminate\\Queue\\Console\\WorkCommand->handle()
#14 /home/n0o0b090lv/DEV/LANG/LARAVEL/NOOB_FYI/vendor/laravel/framework/src/Illuminate/Container/Util.php(43): Illuminate\\Container\\BoundMethod::{closure:Illuminate\\Container\\BoundMethod::call():35}()
#15 /home/n0o0b090lv/DEV/LANG/LARAVEL/NOOB_FYI/vendor/laravel/framework/src/Illuminate/Container/BoundMethod.php(96): Illuminate\\Container\\Util::unwrapIfClosure(Object(Closure))
#16 /home/n0o0b090lv/DEV/LANG/LARAVEL/NOOB_FYI/vendor/laravel/framework/src/Illuminate/Container/BoundMethod.php(35): Illuminate\\Container\\BoundMethod::callBoundMethod(Object(Illuminate\\Foundation\\Application), Array, Object(Closure))
#17 /home/n0o0b090lv/DEV/LANG/LARAVEL/NOOB_FYI/vendor/laravel/framework/src/Illuminate/Container/Container.php(803): Illuminate\\Container\\BoundMethod::call(Object(Illuminate\\Foundation\\Application), Array, Array, NULL)
#18 /home/n0o0b090lv/DEV/LANG/LARAVEL/NOOB_FYI/vendor/laravel/framework/src/Illuminate/Console/Command.php(292): Illuminate\\Container\\Container->call(Array)
#19 /home/n0o0b090lv/DEV/LANG/LARAVEL/NOOB_FYI/vendor/symfony/console/Command/Command.php(285): Illuminate\\Console\\Command->execute(Object(Symfony\\Component\\Console\\Input\\ArgvInput), Object(Illuminate\\Console\\OutputStyle))
#20 /home/n0o0b090lv/DEV/LANG/LARAVEL/NOOB_FYI/vendor/laravel/framework/src/Illuminate/Console/Command.php(261): Symfony\\Component\\Console\\Command\\Command->run(Object(Symfony\\Component\\Console\\Input\\ArgvInput), Object(Illuminate\\Console\\OutputStyle))
#21 /home/n0o0b090lv/DEV/LANG/LARAVEL/NOOB_FYI/vendor/symfony/console/Application.php(1144): Illuminate\\Console\\Command->run(Object(Symfony\\Component\\Console\\Input\\ArgvInput), Object(Symfony\\Component\\Console\\Output\\ConsoleOutput))
#22 /home/n0o0b090lv/DEV/LANG/LARAVEL/NOOB_FYI/vendor/symfony/console/Application.php(379): Symfony\\Component\\Console\\Application->doRunCommand(Object(Illuminate\\Queue\\Console\\WorkCommand), Object(Symfony\\Component\\Console\\Input\\ArgvInput), Object(Symfony\\Component\\Console\\Output\\ConsoleOutput))
#23 /home/n0o0b090lv/DEV/LANG/LARAVEL/NOOB_FYI/vendor/symfony/console/Application.php(218): Symfony\\Component\\Console\\Application->doRun(Object(Symfony\\Component\\Console\\Input\\ArgvInput), Object(Symfony\\Component\\Console\\Output\\ConsoleOutput))
#24 /home/n0o0b090lv/DEV/LANG/LARAVEL/NOOB_FYI/vendor/laravel/framework/src/Illuminate/Foundation/Console/Kernel.php(198): Symfony\\Component\\Console\\Application->run(Object(Symfony\\Component\\Console\\Input\\ArgvInput), Object(Symfony\\Component\\Console\\Output\\ConsoleOutput))
#25 /home/n0o0b090lv/DEV/LANG/LARAVEL/NOOB_FYI/vendor/laravel/framework/src/Illuminate/Foundation/Application.php(1242): Illuminate\\Foundation\\Console\\Kernel->handle(Object(Symfony\\Component\\Console\\Input\\ArgvInput), Object(Symfony\\Component\\Console\\Output\\ConsoleOutput))
#26 /home/n0o0b090lv/DEV/LANG/LARAVEL/NOOB_FYI/artisan(16): Illuminate\\Foundation\\Application->handleCommand(Object(Symfony\\Component\\Console\\Input\\ArgvInput))
#27 {main}

[previous exception] [object] (PDOException(code: 1698): SQLSTATE[HY000] [1698] Access denied for user 'root'@'localhost' at /home/n0o0b090lv/DEV/LANG/LARAVEL/NOOB_FYI/vendor/laravel/framework/src/Illuminate/Database/Connectors/Connector.php:67)
[stacktrace]
#0 /home/n0o0b090lv/DEV/LANG/LARAVEL/NOOB_FYI/vendor/laravel/framework/src/Illuminate/Database/Connectors/Connector.php(67): PDO::connect('mysql:host=127....', 'root', Object(SensitiveParameterValue), Array)
#1 /home/n0o0b090lv/DEV/LANG/LARAVEL/NOOB_FYI/vendor/laravel/framework/src/Illuminate/Database/Connectors/Connector.php(44): Illuminate\\Database\\Connectors\\Connector->createPdoConnection('mysql:host=127....', 'root', Object(SensitiveParameterValue), Array)
#2 /home/n0o0b090lv/DEV/LANG/LARAVEL/NOOB_FYI/vendor/laravel/framework/src/Illuminate/Database/Connectors/MySqlConnector.php(24): Illuminate\\Database\\Connectors\\Connector->createConnection('mysql:host=127....', Array, Array)
#3 /home/n0o0b090lv/DEV/LANG/LARAVEL/NOOB_FYI/vendor/laravel/framework/src/Illuminate/Database/Connectors/ConnectionFactory.php(220): Illuminate\\Database\\Connectors\\MySqlConnector->connect(Array)
#4 [internal function]: Illuminate\\Database\\Connectors\\ConnectionFactory->{closure:Illuminate\\Database\\Connectors\\ConnectionFactory::createPdoResolverWithHosts():213}()
#5 /home/n0o0b090lv/DEV/LANG/LARAVEL/NOOB_FYI/vendor/laravel/framework/src/Illuminate/Database/Connection.php(1298): call_user_func(Object(Closure))
#6 /home/n0o0b090lv/DEV/LANG/LARAVEL/NOOB_FYI/vendor/laravel/framework/src/Illuminate/Database/Connection.php(1336): Illuminate\\Database\\Connection->getPdo()
#7 /home/n0o0b090lv/DEV/LANG/LARAVEL/NOOB_FYI/vendor/laravel/framework/src/Illuminate/Database/Connection.php(542): Illuminate\\Database\\Connection->getReadPdo()
#8 /home/n0o0b090lv/DEV/LANG/LARAVEL/NOOB_FYI/vendor/laravel/framework/src/Illuminate/Database/Connection.php(435): Illuminate\\Database\\Connection->getPdoForSelect(true)
#9 /home/n0o0b090lv/DEV/LANG/LARAVEL/NOOB_FYI/vendor/laravel/framework/src/Illuminate/Database/Connection.php(846): Illuminate\\Database\\Connection->{closure:Illuminate\\Database\\Connection::select():426}('select * from `...', Array)
#10 /home/n0o0b090lv/DEV/LANG/LARAVEL/NOOB_FYI/vendor/laravel/framework/src/Illuminate/Database/Connection.php(813): Illuminate\\Database\\Connection->runQueryCallback('select * from `...', Array, Object(Closure))
#11 /home/n0o0b090lv/DEV/LANG/LARAVEL/NOOB_FYI/vendor/laravel/framework/src/Illuminate/Database/Connection.php(426): Illuminate\\Database\\Connection->run('select * from `...', Array, Object(Closure))
#12 /home/n0o0b090lv/DEV/LANG/LARAVEL/NOOB_FYI/vendor/laravel/framework/src/Illuminate/Database/Query/Builder.php(3629): Illuminate\\Database\\Connection->select('select * from `...', Array, true, Array)
#13 /home/n0o0b090lv/DEV/LANG/LARAVEL/NOOB_FYI/vendor/laravel/framework/src/Illuminate/Database/Query/Builder.php(3613): Illuminate\\Database\\Query\\Builder->runSelect()
#14 /home/n0o0b090lv/DEV/LANG/LARAVEL/NOOB_FYI/vendor/laravel/framework/src/Illuminate/Cache/DatabaseStore.php(142): Illuminate\\Database\\Query\\Builder->get()
#15 /home/n0o0b090lv/DEV/LANG/LARAVEL/NOOB_FYI/vendor/laravel/framework/src/Illuminate/Cache/DatabaseStore.php(117): Illuminate\\Cache\\DatabaseStore->many(Array)
#16 /home/n0o0b090lv/DEV/LANG/LARAVEL/NOOB_FYI/vendor/laravel/framework/src/Illuminate/Cache/Repository.php(138): Illuminate\\Cache\\DatabaseStore->get('illuminate:queu...')
#17 /home/n0o0b090lv/DEV/LANG/LARAVEL/NOOB_FYI/vendor/laravel/framework/src/Illuminate/Queue/QueueManager.php(347): Illuminate\\Cache\\Repository->get('illuminate:queu...')
#18 /home/n0o0b090lv/DEV/LANG/LARAVEL/NOOB_FYI/vendor/laravel/framework/src/Illuminate/Queue/Worker.php(509): Illuminate\\Queue\\QueueManager->getPausedQueues('database', Array)
#19 /home/n0o0b090lv/DEV/LANG/LARAVEL/NOOB_FYI/vendor/laravel/framework/src/Illuminate/Queue/Worker.php(466): Illuminate\\Queue\\Worker->getPausedQueues('database', Array)
#20 /home/n0o0b090lv/DEV/LANG/LARAVEL/NOOB_FYI/vendor/laravel/framework/src/Illuminate/Queue/Worker.php(426): Illuminate\\Queue\\Worker->getNextJob(Object(Illuminate\\Queue\\DatabaseQueue), 'default')
#21 /home/n0o0b090lv/DEV/LANG/LARAVEL/NOOB_FYI/vendor/laravel/framework/src/Illuminate/Queue/Console/WorkCommand.php(152): Illuminate\\Queue\\Worker->runNextJob('database', 'default', Object(Illuminate\\Queue\\WorkerOptions))
#22 /home/n0o0b090lv/DEV/LANG/LARAVEL/NOOB_FYI/vendor/laravel/framework/src/Illuminate/Queue/Console/WorkCommand.php(135): Illuminate\\Queue\\Console\\WorkCommand->runWorker('database', 'default')
#23 /home/n0o0b090lv/DEV/LANG/LARAVEL/NOOB_FYI/vendor/laravel/framework/src/Illuminate/Container/BoundMethod.php(36): Illuminate\\Queue\\Console\\WorkCommand->handle()
#24 /home/n0o0b090lv/DEV/LANG/LARAVEL/NOOB_FYI/vendor/laravel/framework/src/Illuminate/Container/Util.php(43): Illuminate\\Container\\BoundMethod::{closure:Illuminate\\Container\\BoundMethod::call():35}()
#25 /home/n0o0b090lv/DEV/LANG/LARAVEL/NOOB_FYI/vendor/laravel/framework/src/Illuminate/Container/BoundMethod.php(96): Illuminate\\Container\\Util::unwrapIfClosure(Object(Closure))
#26 /home/n0o0b090lv/DEV/LANG/LARAVEL/NOOB_FYI/vendor/laravel/framework/src/Illuminate/Container/BoundMethod.php(35): Illuminate\\Container\\BoundMethod::callBoundMethod(Object(Illuminate\\Foundation\\Application), Array, Object(Closure))
#27 /home/n0o0b090lv/DEV/LANG/LARAVEL/NOOB_FYI/vendor/laravel/framework/src/Illuminate/Container/Container.php(803): Illuminate\\Container\\BoundMethod::call(Object(Illuminate\\Foundation\\Application), Array, Array, NULL)
#28 /home/n0o0b090lv/DEV/LANG/LARAVEL/NOOB_FYI/vendor/laravel/framework/src/Illuminate/Console/Command.php(292): Illuminate\\Container\\Container->call(Array)
#29 /home/n0o0b090lv/DEV/LANG/LARAVEL/NOOB_FYI/vendor/symfony/console/Command/Command.php(285): Illuminate\\Console\\Command->execute(Object(Symfony\\Component\\Console\\Input\\ArgvInput), Object(Illuminate\\Console\\OutputStyle))
#30 /home/n0o0b090lv/DEV/LANG/LARAVEL/NOOB_FYI/vendor/laravel/framework/src/Illuminate/Console/Command.php(261): Symfony\\Component\\Console\\Command\\Command->run(Object(Symfony\\Component\\Console\\Input\\ArgvInput), Object(Illuminate\\Console\\OutputStyle))
#31 /home/n0o0b090lv/DEV/LANG/LARAVEL/NOOB_FYI/vendor/symfony/console/Application.php(1144): Illuminate\\Console\\Command->run(Object(Symfony\\Component\\Console\\Input\\ArgvInput), Object(Symfony\\Component\\Console\\Output\\ConsoleOutput))
#32 /home/n0o0b090lv/DEV/LANG/LARAVEL/NOOB_FYI/vendor/symfony/console/Application.php(379): Symfony\\Component\\Console\\Application->doRunCommand(Object(Illuminate\\Queue\\Console\\WorkCommand), Object(Symfony\\Component\\Console\\Input\\ArgvInput), Object(Symfony\\Component\\Console\\Output\\ConsoleOutput))
#33 /home/n0o0b090lv/DEV/LANG/LARAVEL/NOOB_FYI/vendor/symfony/console/Application.php(218): Symfony\\Component\\Console\\Application->doRun(Object(Symfony\\Component\\Console\\Input\\ArgvInput), Object(Symfony\\Component\\Console\\Output\\ConsoleOutput))
#34 /home/n0o0b090lv/DEV/LANG/LARAVEL/NOOB_FYI/vendor/laravel/framework/src/Illuminate/Foundation/Console/Kernel.php(198): Symfony\\Component\\Console\\Application->run(Object(Symfony\\Component\\Console\\Input\\ArgvInput), Object(Symfony\\Component\\Console\\Output\\ConsoleOutput))
#35 /home/n0o0b090lv/DEV/LANG/LARAVEL/NOOB_FYI/vendor/laravel/framework/src/Illuminate/Foundation/Application.php(1242): Illuminate\\Foundation\\Console\\Kernel->handle(Object(Symfony\\Component\\Console\\Input\\ArgvInput), Object(Symfony\\Component\\Console\\Output\\ConsoleOutput))
#36 /home/n0o0b090lv/DEV/LANG/LARAVEL/NOOB_FYI/artisan(16): Illuminate\\Foundation\\Application->handleCommand(Object(Symfony\\Component\\Console\\Input\\ArgvInput))
#37 {main}
"} 
[2026-09-10 11:29:58] local.ERROR: SQLSTATE[HY000] [1698] Access denied for user 'root'@'localhost' (Connection: mariadb, Host: 127.0.0.1, Port: 3306, Database: noob_fyi, SQL: select * from `cache` where `key` in (laravel-cache-illuminate:queues:paused)) {"exception":"[object] (Illuminate\\Database\\QueryException(code: 1698): SQLSTATE[HY000] [1698] Access denied for user 'root'@'localhost' (Connection: mariadb, Host: 127.0.0.1, Port: 3306, Database: noob_fyi, SQL: select * from `cache` where `key` in (laravel-cache-illuminate:queues:paused)) at /home/n0o0b090lv/DEV/LANG/LARAVEL/NOOB_FYI/vendor/laravel/framework/src/Illuminate/Database/Connection.php:857)
[stacktrace]
#0 /home/n0o0b090lv/DEV/LANG/LARAVEL/NOOB_FYI/vendor/laravel/framework/src/Illuminate/Database/Connection.php(813): Illuminate\\Database\\Connection->runQueryCallback('select * from `...', Array, Object(Closure))
#1 /home/n0o0b090lv/DEV/LANG/LARAVEL/NOOB_FYI/vendor/laravel/framework/src/Illuminate/Database/Connection.php(426): Illuminate\\Database\\Connection->run('select * from `...', Array, Object(Closure))
#2 /home/n0o0b090lv/DEV/LANG/LARAVEL/NOOB_FYI/vendor/laravel/framework/src/Illuminate/Database/Query/Builder.php(3629): Illuminate\\Database\\Connection->select('select * from `...', Array, true, Array)
#3 /home/n0o0b090lv/DEV/LANG/LARAVEL/NOOB_FYI/vendor/laravel/framework/src/Illuminate/Database/Query/Builder.php(3613): Illuminate\\Database\\Query\\Builder->runSelect()
#4 /home/n0o0b090lv/DEV/LANG/LARAVEL/NOOB_FYI/vendor/laravel/framework/src/Illuminate/Cache/DatabaseStore.php(142): Illuminate\\Database\\Query\\Builder->get()
#5 /home/n0o0b090lv/DEV/LANG/LARAVEL/NOOB_FYI/vendor/laravel/framework/src/Illuminate/Cache/DatabaseStore.php(117): Illuminate\\Cache\\DatabaseStore->many(Array)
#6 /home/n0o0b090lv/DEV/LANG/LARAVEL/NOOB_FYI/vendor/laravel/framework/src/Illuminate/Cache/Repository.php(138): Illuminate\\Cache\\DatabaseStore->get('illuminate:queu...')
#7 /home/n0o0b090lv/DEV/LANG/LARAVEL/NOOB_FYI/vendor/laravel/framework/src/Illuminate/Queue/QueueManager.php(347): Illuminate\\Cache\\Repository->get('illuminate:queu...')
#8 /home/n0o0b090lv/DEV/LANG/LARAVEL/NOOB_FYI/vendor/laravel/framework/src/Illuminate/Queue/Worker.php(509): Illuminate\\Queue\\QueueManager->getPausedQueues('database', Array)
#9 /home/n0o0b090lv/DEV/LANG/LARAVEL/NOOB_FYI/vendor/laravel/framework/src/Illuminate/Queue/Worker.php(466): Illuminate\\Queue\\Worker->getPausedQueues('database', Array)
#10 /home/n0o0b090lv/DEV/LANG/LARAVEL/NOOB_FYI/vendor/laravel/framework/src/Illuminate/Queue/Worker.php(426): Illuminate\\Queue\\Worker->getNextJob(Object(Illuminate\\Queue\\DatabaseQueue), 'default')
#11 /home/n0o0b090lv/DEV/LANG/LARAVEL/NOOB_FYI/vendor/laravel/framework/src/Illuminate/Queue/Console/WorkCommand.php(152): Illuminate\\Queue\\Worker->runNextJob('database', 'default', Object(Illuminate\\Queue\\WorkerOptions))
#12 /home/n0o0b090lv/DEV/LANG/LARAVEL/NOOB_FYI/vendor/laravel/framework/src/Illuminate/Queue/Console/WorkCommand.php(135): Illuminate\\Queue\\Console\\WorkCommand->runWorker('database', 'default')
#13 /home/n0o0b090lv/DEV/LANG/LARAVEL/NOOB_FYI/vendor/laravel/framework/src/Illuminate/Container/BoundMethod.php(36): Illuminate\\Queue\\Console\\WorkCommand->handle()
#14 /home/n0o0b090lv/DEV/LANG/LARAVEL/NOOB_FYI/vendor/laravel/framework/src/Illuminate/Container/Util.php(43): Illuminate\\Container\\BoundMethod::{closure:Illuminate\\Container\\BoundMethod::call():35}()
#15 /home/n0o0b090lv/DEV/LANG/LARAVEL/NOOB_FYI/vendor/laravel/framework/src/Illuminate/Container/BoundMethod.php(96): Illuminate\\Container\\Util::unwrapIfClosure(Object(Closure))
#16 /home/n0o0b090lv/DEV/LANG/LARAVEL/NOOB_FYI/vendor/laravel/framework/src/Illuminate/Container/BoundMethod.php(35): Illuminate\\Container\\BoundMethod::callBoundMethod(Object(Illuminate\\Foundation\\Application), Array, Object(Closure))
#17 /home/n0o0b090lv/DEV/LANG/LARAVEL/NOOB_FYI/vendor/laravel/framework/src/Illuminate/Container/Container.php(803): Illuminate\\Container\\BoundMethod::call(Object(Illuminate\\Foundation\\Application), Array, Array, NULL)
#18 /home/n0o0b090lv/DEV/LANG/LARAVEL/NOOB_FYI/vendor/laravel/framework/src/Illuminate/Console/Command.php(292): Illuminate\\Container\\Container->call(Array)
#19 /home/n0o0b090lv/DEV/LANG/LARAVEL/NOOB_FYI/vendor/symfony/console/Command/Command.php(285): Illuminate\\Console\\Command->execute(Object(Symfony\\Component\\Console\\Input\\ArgvInput), Object(Illuminate\\Console\\OutputStyle))
#20 /home/n0o0b090lv/DEV/LANG/LARAVEL/NOOB_FYI/vendor/laravel/framework/src/Illuminate/Console/Command.php(261): Symfony\\Component\\Console\\Command\\Command->run(Object(Symfony\\Component\\Console\\Input\\ArgvInput), Object(Illuminate\\Console\\OutputStyle))
#21 /home/n0o0b090lv/DEV/LANG/LARAVEL/NOOB_FYI/vendor/symfony/console/Application.php(1144): Illuminate\\Console\\Command->run(Object(Symfony\\Component\\Console\\Input\\ArgvInput), Object(Symfony\\Component\\Console\\Output\\ConsoleOutput))
#22 /home/n0o0b090lv/DEV/LANG/LARAVEL/NOOB_FYI/vendor/symfony/console/Application.php(379): Symfony\\Component\\Console\\Application->doRunCommand(Object(Illuminate\\Queue\\Console\\WorkCommand), Object(Symfony\\Component\\Console\\Input\\ArgvInput), Object(Symfony\\Component\\Console\\Output\\ConsoleOutput))
#23 /home/n0o0b090lv/DEV/LANG/LARAVEL/NOOB_FYI/vendor/symfony/console/Application.php(218): Symfony\\Component\\Console\\Application->doRun(Object(Symfony\\Component\\Console\\Input\\ArgvInput), Object(Symfony\\Component\\Console\\Output\\ConsoleOutput))
#24 /home/n0o0b090lv/DEV/LANG/LARAVEL/NOOB_FYI/vendor/laravel/framework/src/Illuminate/Foundation/Console/Kernel.php(198): Symfony\\Component\\Console\\Application->run(Object(Symfony\\Component\\Console\\Input\\ArgvInput), Object(Symfony\\Component\\Console\\Output\\ConsoleOutput))
#25 /home/n0o0b090lv/DEV/LANG/LARAVEL/NOOB_FYI/vendor/laravel/framework/src/Illuminate/Foundation/Application.php(1242): Illuminate\\Foundation\\Console\\Kernel->handle(Object(Symfony\\Component\\Console\\Input\\ArgvInput), Object(Symfony\\Component\\Console\\Output\\ConsoleOutput))
#26 /home/n0o0b090lv/DEV/LANG/LARAVEL/NOOB_FYI/artisan(16): Illuminate\\Foundation\\Application->handleCommand(Object(Symfony\\Component\\Console\\Input\\ArgvInput))
#27 {main}

[previous exception] [object] (PDOException(code: 1698): SQLSTATE[HY000] [1698] Access denied for user 'root'@'localhost' at /home/n0o0b090lv/DEV/LANG/LARAVEL/NOOB_FYI/vendor/laravel/framework/src/Illuminate/Database/Connectors/Connector.php:67)
[stacktrace]
#0 /home/n0o0b090lv/DEV/LANG/LARAVEL/NOOB_FYI/vendor/laravel/framework/src/Illuminate/Database/Connectors/Connector.php(67): PDO::connect('mysql:host=127....', 'root', Object(SensitiveParameterValue), Array)
#1 /home/n0o0b090lv/DEV/LANG/LARAVEL/NOOB_FYI/vendor/laravel/framework/src/Illuminate/Database/Connectors/Connector.php(44): Illuminate\\Database\\Connectors\\Connector->createPdoConnection('mysql:host=127....', 'root', Object(SensitiveParameterValue), Array)
#2 /home/n0o0b090lv/DEV/LANG/LARAVEL/NOOB_FYI/vendor/laravel/framework/src/Illuminate/Database/Connectors/MySqlConnector.php(24): Illuminate\\Database\\Connectors\\Connector->createConnection('mysql:host=127....', Array, Array)
#3 /home/n0o0b090lv/DEV/LANG/LARAVEL/NOOB_FYI/vendor/laravel/framework/src/Illuminate/Database/Connectors/ConnectionFactory.php(220): Illuminate\\Database\\Connectors\\MySqlConnector->connect(Array)
#4 [internal function]: Illuminate\\Database\\Connectors\\ConnectionFactory->{closure:Illuminate\\Database\\Connectors\\ConnectionFactory::createPdoResolverWithHosts():213}()
#5 /home/n0o0b090lv/DEV/LANG/LARAVEL/NOOB_FYI/vendor/laravel/framework/src/Illuminate/Database/Connection.php(1298): call_user_func(Object(Closure))
#6 /home/n0o0b090lv/DEV/LANG/LARAVEL/NOOB_FYI/vendor/laravel/framework/src/Illuminate/Database/Connection.php(1336): Illuminate\\Database\\Connection->getPdo()
#7 /home/n0o0b090lv/DEV/LANG/LARAVEL/NOOB_FYI/vendor/laravel/framework/src/Illuminate/Database/Connection.php(542): Illuminate\\Database\\Connection->getReadPdo()
#8 /home/n0o0b090lv/DEV/LANG/LARAVEL/NOOB_FYI/vendor/laravel/framework/src/Illuminate/Database/Connection.php(435): Illuminate\\Database\\Connection->getPdoForSelect(true)
#9 /home/n0o0b090lv/DEV/LANG/LARAVEL/NOOB_FYI/vendor/laravel/framework/src/Illuminate/Database/Connection.php(846): Illuminate\\Database\\Connection->{closure:Illuminate\\Database\\Connection::select():426}('select * from `...', Array)
#10 /home/n0o0b090lv/DEV/LANG/LARAVEL/NOOB_FYI/vendor/laravel/framework/src/Illuminate/Database/Connection.php(813): Illuminate\\Database\\Connection->runQueryCallback('select * from `...', Array, Object(Closure))
#11 /home/n0o0b090lv/DEV/LANG/LARAVEL/NOOB_FYI/vendor/laravel/framework/src/Illuminate/Database/Connection.php(426): Illuminate\\Database\\Connection->run('select * from `...', Array, Object(Closure))
#12 /home/n0o0b090lv/DEV/LANG/LARAVEL/NOOB_FYI/vendor/laravel/framework/src/Illuminate/Database/Query/Builder.php(3629): Illuminate\\Database\\Connection->select('select * from `...', Array, true, Array)
#13 /home/n0o0b090lv/DEV/LANG/LARAVEL/NOOB_FYI/vendor/laravel/framework/src/Illuminate/Database/Query/Builder.php(3613): Illuminate\\Database\\Query\\Builder->runSelect()
#14 /home/n0o0b090lv/DEV/LANG/LARAVEL/NOOB_FYI/vendor/laravel/framework/src/Illuminate/Cache/DatabaseStore.php(142): Illuminate\\Database\\Query\\Builder->get()
#15 /home/n0o0b090lv/DEV/LANG/LARAVEL/NOOB_FYI/vendor/laravel/framework/src/Illuminate/Cache/DatabaseStore.php(117): Illuminate\\Cache\\DatabaseStore->many(Array)
#16 /home/n0o0b090lv/DEV/LANG/LARAVEL/NOOB_FYI/vendor/laravel/framework/src/Illuminate/Cache/Repository.php(138): Illuminate\\Cache\\DatabaseStore->get('illuminate:queu...')
#17 /home/n0o0b090lv/DEV/LANG/LARAVEL/NOOB_FYI/vendor/laravel/framework/src/Illuminate/Queue/QueueManager.php(347): Illuminate\\Cache\\Repository->get('illuminate:queu...')
#18 /home/n0o0b090lv/DEV/LANG/LARAVEL/NOOB_FYI/vendor/laravel/framework/src/Illuminate/Queue/Worker.php(509): Illuminate\\Queue\\QueueManager->getPausedQueues('database', Array)
#19 /home/n0o0b090lv/DEV/LANG/LARAVEL/NOOB_FYI/vendor/laravel/framework/src/Illuminate/Queue/Worker.php(466): Illuminate\\Queue\\Worker->getPausedQueues('database', Array)
#20 /home/n0o0b090lv/DEV/LANG/LARAVEL/NOOB_FYI/vendor/laravel/framework/src/Illuminate/Queue/Worker.php(426): Illuminate\\Queue\\Worker->getNextJob(Object(Illuminate\\Queue\\DatabaseQueue), 'default')
#21 /home/n0o0b090lv/DEV/LANG/LARAVEL/NOOB_FYI/vendor/laravel/framework/src/Illuminate/Queue/Console/WorkCommand.php(152): Illuminate\\Queue\\Worker->runNextJob('database', 'default', Object(Illuminate\\Queue\\WorkerOptions))
#22 /home/n0o0b090lv/DEV/LANG/LARAVEL/NOOB_FYI/vendor/laravel/framework/src/Illuminate/Queue/Console/WorkCommand.php(135): Illuminate\\Queue\\Console\\WorkCommand->runWorker('database', 'default')
#23 /home/n0o0b090lv/DEV/LANG/LARAVEL/NOOB_FYI/vendor/laravel/framework/src/Illuminate/Container/BoundMethod.php(36): Illuminate\\Queue\\Console\\WorkCommand->handle()
#24 /home/n0o0b090lv/DEV/LANG/LARAVEL/NOOB_FYI/vendor/laravel/framework/src/Illuminate/Container/Util.php(43): Illuminate\\Container\\BoundMethod::{closure:Illuminate\\Container\\BoundMethod::call():35}()
#25 /home/n0o0b090lv/DEV/LANG/LARAVEL/NOOB_FYI/vendor/laravel/framework/src/Illuminate/Container/BoundMethod.php(96): Illuminate\\Container\\Util::unwrapIfClosure(Object(Closure))
#26 /home/n0o0b090lv/DEV/LANG/LARAVEL/NOOB_FYI/vendor/laravel/framework/src/Illuminate/Container/BoundMethod.php(35): Illuminate\\Container\\BoundMethod::callBoundMethod(Object(Illuminate\\Foundation\\Application), Array, Object(Closure))
#27 /home/n0o0b090lv/DEV/LANG/LARAVEL/NOOB_FYI/vendor/laravel/framework/src/Illuminate/Container/Container.php(803): Illuminate\\Container\\BoundMethod::call(Object(Illuminate\\Foundation\\Application), Array, Array, NULL)
#28 /home/n0o0b090lv/DEV/LANG/LARAVEL/NOOB_FYI/vendor/laravel/framework/src/Illuminate/Console/Command.php(292): Illuminate\\Container\\Container->call(Array)
#29 /home/n0o0b090lv/DEV/LANG/LARAVEL/NOOB_FYI/vendor/symfony/console/Command/Command.php(285): Illuminate\\Console\\Command->execute(Object(Symfony\\Component\\Console\\Input\\ArgvInput), Object(Illuminate\\Console\\OutputStyle))
#30 /home/n0o0b090lv/DEV/LANG/LARAVEL/NOOB_FYI/vendor/laravel/framework/src/Illuminate/Console/Command.php(261): Symfony\\Component\\Console\\Command\\Command->run(Object(Symfony\\Component\\Console\\Input\\ArgvInput), Object(Illuminate\\Console\\OutputStyle))
#31 /home/n0o0b090lv/DEV/LANG/LARAVEL/NOOB_FYI/vendor/symfony/console/Application.php(1144): Illuminate\\Console\\Command->run(Object(Symfony\\Component\\Console\\Input\\ArgvInput), Object(Symfony\\Component\\Console\\Output\\ConsoleOutput))
#32 /home/n0o0b090lv/DEV/LANG/LARAVEL/NOOB_FYI/vendor/symfony/console/Application.php(379): Symfony\\Component\\Console\\Application->doRunCommand(Object(Illuminate\\Queue\\Console\\WorkCommand), Object(Symfony\\Component\\Console\\Input\\ArgvInput), Object(Symfony\\Component\\Console\\Output\\ConsoleOutput))
#33 /home/n0o0b090lv/DEV/LANG/LARAVEL/NOOB_FYI/vendor/symfony/console/Application.php(218): Symfony\\Component\\Console\\Application->doRun(Object(Symfony\\Component\\Console\\Input\\ArgvInput), Object(Symfony\\Component\\Console\\Output\\ConsoleOutput))
#34 /home/n0o0b090lv/DEV/LANG/LARAVEL/NOOB_FYI/vendor/laravel/framework/src/Illuminate/Foundation/Console/Kernel.php(198): Symfony\\Component\\Console\\Application->run(Object(Symfony\\Component\\Console\\Input\\ArgvInput), Object(Symfony\\Component\\Console\\Output\\ConsoleOutput))
#35 /home/n0o0b090lv/DEV/LANG/LARAVEL/NOOB_FYI/vendor/laravel/framework/src/Illuminate/Foundation/Application.php(1242): Illuminate\\Foundation\\Console\\Kernel->handle(Object(Symfony\\Component\\Console\\Input\\ArgvInput), Object(Symfony\\Component\\Console\\Output\\ConsoleOutput))
#36 /home/n0o0b090lv/DEV/LANG/LARAVEL/NOOB_FYI/artisan(16): Illuminate\\Foundation\\Application->handleCommand(Object(Symfony\\Component\\Console\\Input\\ArgvInput))
#37 {main}
"} 
[2026-09-10 11:30:03] local.ERROR: SQLSTATE[HY000] [1698] Access denied for user 'root'@'localhost' (Connection: mariadb, Host: 127.0.0.1, Port: 3306, Database: noob_fyi, SQL: select * from `cache` where `key` in (laravel-cache-illuminate:queues:paused)) {"exception":"[object] (Illuminate\\Database\\QueryException(code: 1698): SQLSTATE[HY000] [1698] Access denied for user 'root'@'localhost' (Connection: mariadb, Host: 127.0.0.1, Port: 3306, Database: noob_fyi, SQL: select * from `cache` where `key` in (laravel-cache-illuminate:queues:paused)) at /home/n0o0b090lv/DEV/LANG/LARAVEL/NOOB_FYI/vendor/laravel/framework/src/Illuminate/Database/Connection.php:857)
[stacktrace]
#0 /home/n0o0b090lv/DEV/LANG/LARAVEL/NOOB_FYI/vendor/laravel/framework/src/Illuminate/Database/Connection.php(813): Illuminate\\Database\\Connection->runQueryCallback('select * from `...', Array, Object(Closure))
#1 /home/n0o0b090lv/DEV/LANG/LARAVEL/NOOB_FYI/vendor/laravel/framework/src/Illuminate/Database/Connection.php(426): Illuminate\\Database\\Connection->run('select * from `...', Array, Object(Closure))
#2 /home/n0o0b090lv/DEV/LANG/LARAVEL/NOOB_FYI/vendor/laravel/framework/src/Illuminate/Database/Query/Builder.php(3629): Illuminate\\Database\\Connection->select('select * from `...', Array, true, Array)
#3 /home/n0o0b090lv/DEV/LANG/LARAVEL/NOOB_FYI/vendor/laravel/framework/src/Illuminate/Database/Query/Builder.php(3613): Illuminate\\Database\\Query\\Builder->runSelect()
#4 /home/n0o0b090lv/DEV/LANG/LARAVEL/NOOB_FYI/vendor/laravel/framework/src/Illuminate/Cache/DatabaseStore.php(142): Illuminate\\Database\\Query\\Builder->get()
#5 /home/n0o0b090lv/DEV/LANG/LARAVEL/NOOB_FYI/vendor/laravel/framework/src/Illuminate/Cache/DatabaseStore.php(117): Illuminate\\Cache\\DatabaseStore->many(Array)
#6 /home/n0o0b090lv/DEV/LANG/LARAVEL/NOOB_FYI/vendor/laravel/framework/src/Illuminate/Cache/Repository.php(138): Illuminate\\Cache\\DatabaseStore->get('illuminate:queu...')
#7 /home/n0o0b090lv/DEV/LANG/LARAVEL/NOOB_FYI/vendor/laravel/framework/src/Illuminate/Queue/QueueManager.php(347): Illuminate\\Cache\\Repository->get('illuminate:queu...')
#8 /home/n0o0b090lv/DEV/LANG/LARAVEL/NOOB_FYI/vendor/laravel/framework/src/Illuminate/Queue/Worker.php(509): Illuminate\\Queue\\QueueManager->getPausedQueues('database', Array)
#9 /home/n0o0b090lv/DEV/LANG/LARAVEL/NOOB_FYI/vendor/laravel/framework/src/Illuminate/Queue/Worker.php(466): Illuminate\\Queue\\Worker->getPausedQueues('database', Array)
#10 /home/n0o0b090lv/DEV/LANG/LARAVEL/NOOB_FYI/vendor/laravel/framework/src/Illuminate/Queue/Worker.php(426): Illuminate\\Queue\\Worker->getNextJob(Object(Illuminate\\Queue\\DatabaseQueue), 'default')
#11 /home/n0o0b090lv/DEV/LANG/LARAVEL/NOOB_FYI/vendor/laravel/framework/src/Illuminate/Queue/Console/WorkCommand.php(152): Illuminate\\Queue\\Worker->runNextJob('database', 'default', Object(Illuminate\\Queue\\WorkerOptions))
#12 /home/n0o0b090lv/DEV/LANG/LARAVEL/NOOB_FYI/vendor/laravel/framework/src/Illuminate/Queue/Console/WorkCommand.php(135): Illuminate\\Queue\\Console\\WorkCommand->runWorker('database', 'default')
#13 /home/n0o0b090lv/DEV/LANG/LARAVEL/NOOB_FYI/vendor/laravel/framework/src/Illuminate/Container/BoundMethod.php(36): Illuminate\\Queue\\Console\\WorkCommand->handle()
#14 /home/n0o0b090lv/DEV/LANG/LARAVEL/NOOB_FYI/vendor/laravel/framework/src/Illuminate/Container/Util.php(43): Illuminate\\Container\\BoundMethod::{closure:Illuminate\\Container\\BoundMethod::call():35}()
#15 /home/n0o0b090lv/DEV/LANG/LARAVEL/NOOB_FYI/vendor/laravel/framework/src/Illuminate/Container/BoundMethod.php(96): Illuminate\\Container\\Util::unwrapIfClosure(Object(Closure))
#16 /home/n0o0b090lv/DEV/LANG/LARAVEL/NOOB_FYI/vendor/laravel/framework/src/Illuminate/Container/BoundMethod.php(35): Illuminate\\Container\\BoundMethod::callBoundMethod(Object(Illuminate\\Foundation\\Application), Array, Object(Closure))
#17 /home/n0o0b090lv/DEV/LANG/LARAVEL/NOOB_FYI/vendor/laravel/framework/src/Illuminate/Container/Container.php(803): Illuminate\\Container\\BoundMethod::call(Object(Illuminate\\Foundation\\Application), Array, Array, NULL)
#18 /home/n0o0b090lv/DEV/LANG/LARAVEL/NOOB_FYI/vendor/laravel/framework/src/Illuminate/Console/Command.php(292): Illuminate\\Container\\Container->call(Array)
#19 /home/n0o0b090lv/DEV/LANG/LARAVEL/NOOB_FYI/vendor/symfony/console/Command/Command.php(285): Illuminate\\Console\\Command->execute(Object(Symfony\\Component\\Console\\Input\\ArgvInput), Object(Illuminate\\Console\\OutputStyle))
#20 /home/n0o0b090lv/DEV/LANG/LARAVEL/NOOB_FYI/vendor/laravel/framework/src/Illuminate/Console/Command.php(261): Symfony\\Component\\Console\\Command\\Command->run(Object(Symfony\\Component\\Console\\Input\\ArgvInput), Object(Illuminate\\Console\\OutputStyle))
#21 /home/n0o0b090lv/DEV/LANG/LARAVEL/NOOB_FYI/vendor/symfony/console/Application.php(1144): Illuminate\\Console\\Command->run(Object(Symfony\\Component\\Console\\Input\\ArgvInput), Object(Symfony\\Component\\Console\\Output\\ConsoleOutput))
#22 /home/n0o0b090lv/DEV/LANG/LARAVEL/NOOB_FYI/vendor/symfony/console/Application.php(379): Symfony\\Component\\Console\\Application->doRunCommand(Object(Illuminate\\Queue\\Console\\WorkCommand), Object(Symfony\\Component\\Console\\Input\\ArgvInput), Object(Symfony\\Component\\Console\\Output\\ConsoleOutput))
#23 /home/n0o0b090lv/DEV/LANG/LARAVEL/NOOB_FYI/vendor/symfony/console/Application.php(218): Symfony\\Component\\Console\\Application->doRun(Object(Symfony\\Component\\Console\\Input\\ArgvInput), Object(Symfony\\Component\\Console\\Output\\ConsoleOutput))
#24 /home/n0o0b090lv/DEV/LANG/LARAVEL/NOOB_FYI/vendor/laravel/framework/src/Illuminate/Foundation/Console/Kernel.php(198): Symfony\\Component\\Console\\Application->run(Object(Symfony\\Component\\Console\\Input\\ArgvInput), Object(Symfony\\Component\\Console\\Output\\ConsoleOutput))
#25 /home/n0o0b090lv/DEV/LANG/LARAVEL/NOOB_FYI/vendor/laravel/framework/src/Illuminate/Foundation/Application.php(1242): Illuminate\\Foundation\\Console\\Kernel->handle(Object(Symfony\\Component\\Console\\Input\\ArgvInput), Object(Symfony\\Component\\Console\\Output\\ConsoleOutput))
#26 /home/n0o0b090lv/DEV/LANG/LARAVEL/NOOB_FYI/artisan(16): Illuminate\\Foundation\\Application->handleCommand(Object(Symfony\\Component\\Console\\Input\\ArgvInput))
#27 {main}

[previous exception] [object] (PDOException(code: 1698): SQLSTATE[HY000] [1698] Access denied for user 'root'@'localhost' at /home/n0o0b090lv/DEV/LANG/LARAVEL/NOOB_FYI/vendor/laravel/framework/src/Illuminate/Database/Connectors/Connector.php:67)
[stacktrace]
#0 /home/n0o0b090lv/DEV/LANG/LARAVEL/NOOB_FYI/vendor/laravel/framework/src/Illuminate/Database/Connectors/Connector.php(67): PDO::connect('mysql:host=127....', 'root', Object(SensitiveParameterValue), Array)
#1 /home/n0o0b090lv/DEV/LANG/LARAVEL/NOOB_FYI/vendor/laravel/framework/src/Illuminate/Database/Connectors/Connector.php(44): Illuminate\\Database\\Connectors\\Connector->createPdoConnection('mysql:host=127....', 'root', Object(SensitiveParameterValue), Array)
#2 /home/n0o0b090lv/DEV/LANG/LARAVEL/NOOB_FYI/vendor/laravel/framework/src/Illuminate/Database/Connectors/MySqlConnector.php(24): Illuminate\\Database\\Connectors\\Connector->createConnection('mysql:host=127....', Array, Array)
#3 /home/n0o0b090lv/DEV/LANG/LARAVEL/NOOB_FYI/vendor/laravel/framework/src/Illuminate/Database/Connectors/ConnectionFactory.php(220): Illuminate\\Database\\Connectors\\MySqlConnector->connect(Array)
#4 [internal function]: Illuminate\\Database\\Connectors\\ConnectionFactory->{closure:Illuminate\\Database\\Connectors\\ConnectionFactory::createPdoResolverWithHosts():213}()
#5 /home/n0o0b090lv/DEV/LANG/LARAVEL/NOOB_FYI/vendor/laravel/framework/src/Illuminate/Database/Connection.php(1298): call_user_func(Object(Closure))
#6 /home/n0o0b090lv/DEV/LANG/LARAVEL/NOOB_FYI/vendor/laravel/framework/src/Illuminate/Database/Connection.php(1336): Illuminate\\Database\\Connection->getPdo()
#7 /home/n0o0b090lv/DEV/LANG/LARAVEL/NOOB_FYI/vendor/laravel/framework/src/Illuminate/Database/Connection.php(542): Illuminate\\Database\\Connection->getReadPdo()
#8 /home/n0o0b090lv/DEV/LANG/LARAVEL/NOOB_FYI/vendor/laravel/framework/src/Illuminate/Database/Connection.php(435): Illuminate\\Database\\Connection->getPdoForSelect(true)
#9 /home/n0o0b090lv/DEV/LANG/LARAVEL/NOOB_FYI/vendor/laravel/framework/src/Illuminate/Database/Connection.php(846): Illuminate\\Database\\Connection->{closure:Illuminate\\Database\\Connection::select():426}('select * from `...', Array)
#10 /home/n0o0b090lv/DEV/LANG/LARAVEL/NOOB_FYI/vendor/laravel/framework/src/Illuminate/Database/Connection.php(813): Illuminate\\Database\\Connection->runQueryCallback('select * from `...', Array, Object(Closure))
#11 /home/n0o0b090lv/DEV/LANG/LARAVEL/NOOB_FYI/vendor/laravel/framework/src/Illuminate/Database/Connection.php(426): Illuminate\\Database\\Connection->run('select * from `...', Array, Object(Closure))
#12 /home/n0o0b090lv/DEV/LANG/LARAVEL/NOOB_FYI/vendor/laravel/framework/src/Illuminate/Database/Query/Builder.php(3629): Illuminate\\Database\\Connection->select('select * from `...', Array, true, Array)
#13 /home/n0o0b090lv/DEV/LANG/LARAVEL/NOOB_FYI/vendor/laravel/framework/src/Illuminate/Database/Query/Builder.php(3613): Illuminate\\Database\\Query\\Builder->runSelect()
#14 /home/n0o0b090lv/DEV/LANG/LARAVEL/NOOB_FYI/vendor/laravel/framework/src/Illuminate/Cache/DatabaseStore.php(142): Illuminate\\Database\\Query\\Builder->get()
#15 /home/n0o0b090lv/DEV/LANG/LARAVEL/NOOB_FYI/vendor/laravel/framework/src/Illuminate/Cache/DatabaseStore.php(117): Illuminate\\Cache\\DatabaseStore->many(Array)
#16 /home/n0o0b090lv/DEV/LANG/LARAVEL/NOOB_FYI/vendor/laravel/framework/src/Illuminate/Cache/Repository.php(138): Illuminate\\Cache\\DatabaseStore->get('illuminate:queu...')
#17 /home/n0o0b090lv/DEV/LANG/LARAVEL/NOOB_FYI/vendor/laravel/framework/src/Illuminate/Queue/QueueManager.php(347): Illuminate\\Cache\\Repository->get('illuminate:queu...')
#18 /home/n0o0b090lv/DEV/LANG/LARAVEL/NOOB_FYI/vendor/laravel/framework/src/Illuminate/Queue/Worker.php(509): Illuminate\\Queue\\QueueManager->getPausedQueues('database', Array)
#19 /home/n0o0b090lv/DEV/LANG/LARAVEL/NOOB_FYI/vendor/laravel/framework/src/Illuminate/Queue/Worker.php(466): Illuminate\\Queue\\Worker->getPausedQueues('database', Array)
#20 /home/n0o0b090lv/DEV/LANG/LARAVEL/NOOB_FYI/vendor/laravel/framework/src/Illuminate/Queue/Worker.php(426): Illuminate\\Queue\\Worker->getNextJob(Object(Illuminate\\Queue\\DatabaseQueue), 'default')
#21 /home/n0o0b090lv/DEV/LANG/LARAVEL/NOOB_FYI/vendor/laravel/framework/src/Illuminate/Queue/Console/WorkCommand.php(152): Illuminate\\Queue\\Worker->runNextJob('database', 'default', Object(Illuminate\\Queue\\WorkerOptions))
#22 /home/n0o0b090lv/DEV/LANG/LARAVEL/NOOB_FYI/vendor/laravel/framework/src/Illuminate/Queue/Console/WorkCommand.php(135): Illuminate\\Queue\\Console\\WorkCommand->runWorker('database', 'default')
#23 /home/n0o0b090lv/DEV/LANG/LARAVEL/NOOB_FYI/vendor/laravel/framework/src/Illuminate/Container/BoundMethod.php(36): Illuminate\\Queue\\Console\\WorkCommand->handle()
#24 /home/n0o0b090lv/DEV/LANG/LARAVEL/NOOB_FYI/vendor/laravel/framework/src/Illuminate/Container/Util.php(43): Illuminate\\Container\\BoundMethod::{closure:Illuminate\\Container\\BoundMethod::call():35}()
#25 /home/n0o0b090lv/DEV/LANG/LARAVEL/NOOB_FYI/vendor/laravel/framework/src/Illuminate/Container/BoundMethod.php(96): Illuminate\\Container\\Util::unwrapIfClosure(Object(Closure))
#26 /home/n0o0b090lv/DEV/LANG/LARAVEL/NOOB_FYI/vendor/laravel/framework/src/Illuminate/Container/BoundMethod.php(35): Illuminate\\Container\\BoundMethod::callBoundMethod(Object(Illuminate\\Foundation\\Application), Array, Object(Closure))
#27 /home/n0o0b090lv/DEV/LANG/LARAVEL/NOOB_FYI/vendor/laravel/framework/src/Illuminate/Container/Container.php(803): Illuminate\\Container\\BoundMethod::call(Object(Illuminate\\Foundation\\Application), Array, Array, NULL)
#28 /home/n0o0b090lv/DEV/LANG/LARAVEL/NOOB_FYI/vendor/laravel/framework/src/Illuminate/Console/Command.php(292): Illuminate\\Container\\Container->call(Array)
#29 /home/n0o0b090lv/DEV/LANG/LARAVEL/NOOB_FYI/vendor/symfony/console/Command/Command.php(285): Illuminate\\Console\\Command->execute(Object(Symfony\\Component\\Console\\Input\\ArgvInput), Object(Illuminate\\Console\\OutputStyle))
#30 /home/n0o0b090lv/DEV/LANG/LARAVEL/NOOB_FYI/vendor/laravel/framework/src/Illuminate/Console/Command.php(261): Symfony\\Component\\Console\\Command\\Command->run(Object(Symfony\\Component\\Console\\Input\\ArgvInput), Object(Illuminate\\Console\\OutputStyle))
#31 /home/n0o0b090lv/DEV/LANG/LARAVEL/NOOB_FYI/vendor/symfony/console/Application.php(1144): Illuminate\\Console\\Command->run(Object(Symfony\\Component\\Console\\Input\\ArgvInput), Object(Symfony\\Component\\Console\\Output\\ConsoleOutput))
#32 /home/n0o0b090lv/DEV/LANG/LARAVEL/NOOB_FYI/vendor/symfony/console/Application.php(379): Symfony\\Component\\Console\\Application->doRunCommand(Object(Illuminate\\Queue\\Console\\WorkCommand), Object(Symfony\\Component\\Console\\Input\\ArgvInput), Object(Symfony\\Component\\Console\\Output\\ConsoleOutput))
#33 /home/n0o0b090lv/DEV/LANG/LARAVEL/NOOB_FYI/vendor/symfony/console/Application.php(218): Symfony\\Component\\Console\\Application->doRun(Object(Symfony\\Component\\Console\\Input\\ArgvInput), Object(Symfony\\Component\\Console\\Output\\ConsoleOutput))
#34 /home/n0o0b090lv/DEV/LANG/LARAVEL/NOOB_FYI/vendor/laravel/framework/src/Illuminate/Foundation/Console/Kernel.php(198): Symfony\\Component\\Console\\Application->run(Object(Symfony\\Component\\Console\\Input\\ArgvInput), Object(Symfony\\Component\\Console\\Output\\ConsoleOutput))
#35 /home/n0o0b090lv/DEV/LANG/LARAVEL/NOOB_FYI/vendor/laravel/framework/src/Illuminate/Foundation/Application.php(1242): Illuminate\\Foundation\\Console\\Kernel->handle(Object(Symfony\\Component\\Console\\Input\\ArgvInput), Object(Symfony\\Component\\Console\\Output\\ConsoleOutput))
#36 /home/n0o0b090lv/DEV/LANG/LARAVEL/NOOB_FYI/artisan(16): Illuminate\\Foundation\\Application->handleCommand(Object(Symfony\\Component\\Console\\Input\\ArgvInput))
#37 {main}
"} 
[2026-09-10 11:30:07] local.ERROR: SQLSTATE[HY000] [1698] Access denied for user 'root'@'localhost' (Connection: mariadb, Host: 127.0.0.1, Port: 3306, Database: noob_fyi, SQL: select * from `cache` where `key` in (laravel-cache-illuminate:queues:paused)) {"exception":"[object] (Illuminate\\Database\\QueryException(code: 1698): SQLSTATE[HY000] [1698] Access denied for user 'root'@'localhost' (Connection: mariadb, Host: 127.0.0.1, Port: 3306, Database: noob_fyi, SQL: select * from `cache` where `key` in (laravel-cache-illuminate:queues:paused)) at /home/n0o0b090lv/DEV/LANG/LARAVEL/NOOB_FYI/vendor/laravel/framework/src/Illuminate/Database/Connection.php:857)
[stacktrace]
#0 /home/n0o0b090lv/DEV/LANG/LARAVEL/NOOB_FYI/vendor/laravel/framework/src/Illuminate/Database/Connection.php(813): Illuminate\\Database\\Connection->runQueryCallback('select * from `...', Array, Object(Closure))
#1 /home/n0o0b090lv/DEV/LANG/LARAVEL/NOOB_FYI/vendor/laravel/framework/src/Illuminate/Database/Connection.php(426): Illuminate\\Database\\Connection->run('select * from `...', Array, Object(Closure))
#2 /home/n0o0b090lv/DEV/LANG/LARAVEL/NOOB_FYI/vendor/laravel/framework/src/Illuminate/Database/Query/Builder.php(3629): Illuminate\\Database\\Connection->select('select * from `...', Array, true, Array)
#3 /home/n0o0b090lv/DEV/LANG/LARAVEL/NOOB_FYI/vendor/laravel/framework/src/Illuminate/Database/Query/Builder.php(3613): Illuminate\\Database\\Query\\Builder->runSelect()
#4 /home/n0o0b090lv/DEV/LANG/LARAVEL/NOOB_FYI/vendor/laravel/framework/src/Illuminate/Cache/DatabaseStore.php(142): Illuminate\\Database\\Query\\Builder->get()
#5 /home/n0o0b090lv/DEV/LANG/LARAVEL/NOOB_FYI/vendor/laravel/framework/src/Illuminate/Cache/DatabaseStore.php(117): Illuminate\\Cache\\DatabaseStore->many(Array)
#6 /home/n0o0b090lv/DEV/LANG/LARAVEL/NOOB_FYI/vendor/laravel/framework/src/Illuminate/Cache/Repository.php(138): Illuminate\\Cache\\DatabaseStore->get('illuminate:queu...')
#7 /home/n0o0b090lv/DEV/LANG/LARAVEL/NOOB_FYI/vendor/laravel/framework/src/Illuminate/Queue/QueueManager.php(347): Illuminate\\Cache\\Repository->get('illuminate:queu...')
#8 /home/n0o0b090lv/DEV/LANG/LARAVEL/NOOB_FYI/vendor/laravel/framework/src/Illuminate/Queue/Worker.php(509): Illuminate\\Queue\\QueueManager->getPausedQueues('database', Array)
#9 /home/n0o0b090lv/DEV/LANG/LARAVEL/NOOB_FYI/vendor/laravel/framework/src/Illuminate/Queue/Worker.php(466): Illuminate\\Queue\\Worker->getPausedQueues('database', Array)
#10 /home/n0o0b090lv/DEV/LANG/LARAVEL/NOOB_FYI/vendor/laravel/framework/src/Illuminate/Queue/Worker.php(426): Illuminate\\Queue\\Worker->getNextJob(Object(Illuminate\\Queue\\DatabaseQueue), 'default')
#11 /home/n0o0b090lv/DEV/LANG/LARAVEL/NOOB_FYI/vendor/laravel/framework/src/Illuminate/Queue/Console/WorkCommand.php(152): Illuminate\\Queue\\Worker->runNextJob('database', 'default', Object(Illuminate\\Queue\\WorkerOptions))
#12 /home/n0o0b090lv/DEV/LANG/LARAVEL/NOOB_FYI/vendor/laravel/framework/src/Illuminate/Queue/Console/WorkCommand.php(135): Illuminate\\Queue\\Console\\WorkCommand->runWorker('database', 'default')
#13 /home/n0o0b090lv/DEV/LANG/LARAVEL/NOOB_FYI/vendor/laravel/framework/src/Illuminate/Container/BoundMethod.php(36): Illuminate\\Queue\\Console\\WorkCommand->handle()
#14 /home/n0o0b090lv/DEV/LANG/LARAVEL/NOOB_FYI/vendor/laravel/framework/src/Illuminate/Container/Util.php(43): Illuminate\\Container\\BoundMethod::{closure:Illuminate\\Container\\BoundMethod::call():35}()
#15 /home/n0o0b090lv/DEV/LANG/LARAVEL/NOOB_FYI/vendor/laravel/framework/src/Illuminate/Container/BoundMethod.php(96): Illuminate\\Container\\Util::unwrapIfClosure(Object(Closure))
#16 /home/n0o0b090lv/DEV/LANG/LARAVEL/NOOB_FYI/vendor/laravel/framework/src/Illuminate/Container/BoundMethod.php(35): Illuminate\\Container\\BoundMethod::callBoundMethod(Object(Illuminate\\Foundation\\Application), Array, Object(Closure))
#17 /home/n0o0b090lv/DEV/LANG/LARAVEL/NOOB_FYI/vendor/laravel/framework/src/Illuminate/Container/Container.php(803): Illuminate\\Container\\BoundMethod::call(Object(Illuminate\\Foundation\\Application), Array, Array, NULL)
#18 /home/n0o0b090lv/DEV/LANG/LARAVEL/NOOB_FYI/vendor/laravel/framework/src/Illuminate/Console/Command.php(292): Illuminate\\Container\\Container->call(Array)
#19 /home/n0o0b090lv/DEV/LANG/LARAVEL/NOOB_FYI/vendor/symfony/console/Command/Command.php(285): Illuminate\\Console\\Command->execute(Object(Symfony\\Component\\Console\\Input\\ArgvInput), Object(Illuminate\\Console\\OutputStyle))
#20 /home/n0o0b090lv/DEV/LANG/LARAVEL/NOOB_FYI/vendor/laravel/framework/src/Illuminate/Console/Command.php(261): Symfony\\Component\\Console\\Command\\Command->run(Object(Symfony\\Component\\Console\\Input\\ArgvInput), Object(Illuminate\\Console\\OutputStyle))
#21 /home/n0o0b090lv/DEV/LANG/LARAVEL/NOOB_FYI/vendor/symfony/console/Application.php(1144): Illuminate\\Console\\Command->run(Object(Symfony\\Component\\Console\\Input\\ArgvInput), Object(Symfony\\Component\\Console\\Output\\ConsoleOutput))
#22 /home/n0o0b090lv/DEV/LANG/LARAVEL/NOOB_FYI/vendor/symfony/console/Application.php(379): Symfony\\Component\\Console\\Application->doRunCommand(Object(Illuminate\\Queue\\Console\\WorkCommand), Object(Symfony\\Component\\Console\\Input\\ArgvInput), Object(Symfony\\Component\\Console\\Output\\ConsoleOutput))
#23 /home/n0o0b090lv/DEV/LANG/LARAVEL/NOOB_FYI/vendor/symfony/console/Application.php(218): Symfony\\Component\\Console\\Application->doRun(Object(Symfony\\Component\\Console\\Input\\ArgvInput), Object(Symfony\\Component\\Console\\Output\\ConsoleOutput))
#24 /home/n0o0b090lv/DEV/LANG/LARAVEL/NOOB_FYI/vendor/laravel/framework/src/Illuminate/Foundation/Console/Kernel.php(198): Symfony\\Component\\Console\\Application->run(Object(Symfony\\Component\\Console\\Input\\ArgvInput), Object(Symfony\\Component\\Console\\Output\\ConsoleOutput))
#25 /home/n0o0b090lv/DEV/LANG/LARAVEL/NOOB_FYI/vendor/laravel/framework/src/Illuminate/Foundation/Application.php(1242): Illuminate\\Foundation\\Console\\Kernel->handle(Object(Symfony\\Component\\Console\\Input\\ArgvInput), Object(Symfony\\Component\\Console\\Output\\ConsoleOutput))
#26 /home/n0o0b090lv/DEV/LANG/LARAVEL/NOOB_FYI/artisan(16): Illuminate\\Foundation\\Application->handleCommand(Object(Symfony\\Component\\Console\\Input\\ArgvInput))
#27 {main}

[previous exception] [object] (PDOException(code: 1698): SQLSTATE[HY000] [1698] Access denied for user 'root'@'localhost' at /home/n0o0b090lv/DEV/LANG/LARAVEL/NOOB_FYI/vendor/laravel/framework/src/Illuminate/Database/Connectors/Connector.php:67)
[stacktrace]
#0 /home/n0o0b090lv/DEV/LANG/LARAVEL/NOOB_FYI/vendor/laravel/framework/src/Illuminate/Database/Connectors/Connector.php(67): PDO::connect('mysql:host=127....', 'root', Object(SensitiveParameterValue), Array)
#1 /home/n0o0b090lv/DEV/LANG/LARAVEL/NOOB_FYI/vendor/laravel/framework/src/Illuminate/Database/Connectors/Connector.php(44): Illuminate\\Database\\Connectors\\Connector->createPdoConnection('mysql:host=127....', 'root', Object(SensitiveParameterValue), Array)
#2 /home/n0o0b090lv/DEV/LANG/LARAVEL/NOOB_FYI/vendor/laravel/framework/src/Illuminate/Database/Connectors/MySqlConnector.php(24): Illuminate\\Database\\Connectors\\Connector->createConnection('mysql:host=127....', Array, Array)
#3 /home/n0o0b090lv/DEV/LANG/LARAVEL/NOOB_FYI/vendor/laravel/framework/src/Illuminate/Database/Connectors/ConnectionFactory.php(220): Illuminate\\Database\\Connectors\\MySqlConnector->connect(Array)
#4 [internal function]: Illuminate\\Database\\Connectors\\ConnectionFactory->{closure:Illuminate\\Database\\Connectors\\ConnectionFactory::createPdoResolverWithHosts():213}()
#5 /home/n0o0b090lv/DEV/LANG/LARAVEL/NOOB_FYI/vendor/laravel/framework/src/Illuminate/Database/Connection.php(1298): call_user_func(Object(Closure))
#6 /home/n0o0b090lv/DEV/LANG/LARAVEL/NOOB_FYI/vendor/laravel/framework/src/Illuminate/Database/Connection.php(1336): Illuminate\\Database\\Connection->getPdo()
#7 /home/n0o0b090lv/DEV/LANG/LARAVEL/NOOB_FYI/vendor/laravel/framework/src/Illuminate/Database/Connection.php(542): Illuminate\\Database\\Connection->getReadPdo()
#8 /home/n0o0b090lv/DEV/LANG/LARAVEL/NOOB_FYI/vendor/laravel/framework/src/Illuminate/Database/Connection.php(435): Illuminate\\Database\\Connection->getPdoForSelect(true)
#9 /home/n0o0b090lv/DEV/LANG/LARAVEL/NOOB_FYI/vendor/laravel/framework/src/Illuminate/Database/Connection.php(846): Illuminate\\Database\\Connection->{closure:Illuminate\\Database\\Connection::select():426}('select * from `...', Array)
#10 /home/n0o0b090lv/DEV/LANG/LARAVEL/NOOB_FYI/vendor/laravel/framework/src/Illuminate/Database/Connection.php(813): Illuminate\\Database\\Connection->runQueryCallback('select * from `...', Array, Object(Closure))
#11 /home/n0o0b090lv/DEV/LANG/LARAVEL/NOOB_FYI/vendor/laravel/framework/src/Illuminate/Database/Connection.php(426): Illuminate\\Database\\Connection->run('select * from `...', Array, Object(Closure))
#12 /home/n0o0b090lv/DEV/LANG/LARAVEL/NOOB_FYI/vendor/laravel/framework/src/Illuminate/Database/Query/Builder.php(3629): Illuminate\\Database\\Connection->select('select * from `...', Array, true, Array)
#13 /home/n0o0b090lv/DEV/LANG/LARAVEL/NOOB_FYI/vendor/laravel/framework/src/Illuminate/Database/Query/Builder.php(3613): Illuminate\\Database\\Query\\Builder->runSelect()
#14 /home/n0o0b090lv/DEV/LANG/LARAVEL/NOOB_FYI/vendor/laravel/framework/src/Illuminate/Cache/DatabaseStore.php(142): Illuminate\\Database\\Query\\Builder->get()
#15 /home/n0o0b090lv/DEV/LANG/LARAVEL/NOOB_FYI/vendor/laravel/framework/src/Illuminate/Cache/DatabaseStore.php(117): Illuminate\\Cache\\DatabaseStore->many(Array)
#16 /home/n0o0b090lv/DEV/LANG/LARAVEL/NOOB_FYI/vendor/laravel/framework/src/Illuminate/Cache/Repository.php(138): Illuminate\\Cache\\DatabaseStore->get('illuminate:queu...')
#17 /home/n0o0b090lv/DEV/LANG/LARAVEL/NOOB_FYI/vendor/laravel/framework/src/Illuminate/Queue/QueueManager.php(347): Illuminate\\Cache\\Repository->get('illuminate:queu...')
#18 /home/n0o0b090lv/DEV/LANG/LARAVEL/NOOB_FYI/vendor/laravel/framework/src/Illuminate/Queue/Worker.php(509): Illuminate\\Queue\\QueueManager->getPausedQueues('database', Array)
#19 /home/n0o0b090lv/DEV/LANG/LARAVEL/NOOB_FYI/vendor/laravel/framework/src/Illuminate/Queue/Worker.php(466): Illuminate\\Queue\\Worker->getPausedQueues('database', Array)
#20 /home/n0o0b090lv/DEV/LANG/LARAVEL/NOOB_FYI/vendor/laravel/framework/src/Illuminate/Queue/Worker.php(426): Illuminate\\Queue\\Worker->getNextJob(Object(Illuminate\\Queue\\DatabaseQueue), 'default')
#21 /home/n0o0b090lv/DEV/LANG/LARAVEL/NOOB_FYI/vendor/laravel/framework/src/Illuminate/Queue/Console/WorkCommand.php(152): Illuminate\\Queue\\Worker->runNextJob('database', 'default', Object(Illuminate\\Queue\\WorkerOptions))
#22 /home/n0o0b090lv/DEV/LANG/LARAVEL/NOOB_FYI/vendor/laravel/framework/src/Illuminate/Queue/Console/WorkCommand.php(135): Illuminate\\Queue\\Console\\WorkCommand->runWorker('database', 'default')
#23 /home/n0o0b090lv/DEV/LANG/LARAVEL/NOOB_FYI/vendor/laravel/framework/src/Illuminate/Container/BoundMethod.php(36): Illuminate\\Queue\\Console\\WorkCommand->handle()
#24 /home/n0o0b090lv/DEV/LANG/LARAVEL/NOOB_FYI/vendor/laravel/framework/src/Illuminate/Container/Util.php(43): Illuminate\\Container\\BoundMethod::{closure:Illuminate\\Container\\BoundMethod::call():35}()
#25 /home/n0o0b090lv/DEV/LANG/LARAVEL/NOOB_FYI/vendor/laravel/framework/src/Illuminate/Container/BoundMethod.php(96): Illuminate\\Container\\Util::unwrapIfClosure(Object(Closure))
#26 /home/n0o0b090lv/DEV/LANG/LARAVEL/NOOB_FYI/vendor/laravel/framework/src/Illuminate/Container/BoundMethod.php(35): Illuminate\\Container\\BoundMethod::callBoundMethod(Object(Illuminate\\Foundation\\Application), Array, Object(Closure))
#27 /home/n0o0b090lv/DEV/LANG/LARAVEL/NOOB_FYI/vendor/laravel/framework/src/Illuminate/Container/Container.php(803): Illuminate\\Container\\BoundMethod::call(Object(Illuminate\\Foundation\\Application), Array, Array, NULL)
#28 /home/n0o0b090lv/DEV/LANG/LARAVEL/NOOB_FYI/vendor/laravel/framework/src/Illuminate/Console/Command.php(292): Illuminate\\Container\\Container->call(Array)
#29 /home/n0o0b090lv/DEV/LANG/LARAVEL/NOOB_FYI/vendor/symfony/console/Command/Command.php(285): Illuminate\\Console\\Command->execute(Object(Symfony\\Component\\Console\\Input\\ArgvInput), Object(Illuminate\\Console\\OutputStyle))
#30 /home/n0o0b090lv/DEV/LANG/LARAVEL/NOOB_FYI/vendor/laravel/framework/src/Illuminate/Console/Command.php(261): Symfony\\Component\\Console\\Command\\Command->run(Object(Symfony\\Component\\Console\\Input\\ArgvInput), Object(Illuminate\\Console\\OutputStyle))
#31 /home/n0o0b090lv/DEV/LANG/LARAVEL/NOOB_FYI/vendor/symfony/console/Application.php(1144): Illuminate\\Console\\Command->run(Object(Symfony\\Component\\Console\\Input\\ArgvInput), Object(Symfony\\Component\\Console\\Output\\ConsoleOutput))
#32 /home/n0o0b090lv/DEV/LANG/LARAVEL/NOOB_FYI/vendor/symfony/console/Application.php(379): Symfony\\Component\\Console\\Application->doRunCommand(Object(Illuminate\\Queue\\Console\\WorkCommand), Object(Symfony\\Component\\Console\\Input\\ArgvInput), Object(Symfony\\Component\\Console\\Output\\ConsoleOutput))
#33 /home/n0o0b090lv/DEV/LANG/LARAVEL/NOOB_FYI/vendor/symfony/console/Application.php(218): Symfony\\Component\\Console\\Application->doRun(Object(Symfony\\Component\\Console\\Input\\ArgvInput), Object(Symfony\\Component\\Console\\Output\\ConsoleOutput))
#34 /home/n0o0b090lv/DEV/LANG/LARAVEL/NOOB_FYI/vendor/laravel/framework/src/Illuminate/Foundation/Console/Kernel.php(198): Symfony\\Component\\Console\\Application->run(Object(Symfony\\Component\\Console\\Input\\ArgvInput), Object(Symfony\\Component\\Console\\Output\\ConsoleOutput))
#35 /home/n0o0b090lv/DEV/LANG/LARAVEL/NOOB_FYI/vendor/laravel/framework/src/Illuminate/Foundation/Application.php(1242): Illuminate\\Foundation\\Console\\Kernel->handle(Object(Symfony\\Component\\Console\\Input\\ArgvInput), Object(Symfony\\Component\\Console\\Output\\ConsoleOutput))
#36 /home/n0o0b090lv/DEV/LANG/LARAVEL/NOOB_FYI/artisan(16): Illuminate\\Foundation\\Application->handleCommand(Object(Symfony\\Component\\Console\\Input\\ArgvInput))
#37 {main}
"} 
[2026-09-10 11:30:11] local.ERROR: SQLSTATE[HY000] [1698] Access denied for user 'root'@'localhost' (Connection: mariadb, Host: 127.0.0.1, Port: 3306, Database: noob_fyi, SQL: select * from `cache` where `key` in (laravel-cache-illuminate:queues:paused)) {"exception":"[object] (Illuminate\\Database\\QueryException(code: 1698): SQLSTATE[HY000] [1698] Access denied for user 'root'@'localhost' (Connection: mariadb, Host: 127.0.0.1, Port: 3306, Database: noob_fyi, SQL: select * from `cache` where `key` in (laravel-cache-illuminate:queues:paused)) at /home/n0o0b090lv/DEV/LANG/LARAVEL/NOOB_FYI/vendor/laravel/framework/src/Illuminate/Database/Connection.php:857)
[stacktrace]
#0 /home/n0o0b090lv/DEV/LANG/LARAVEL/NOOB_FYI/vendor/laravel/framework/src/Illuminate/Database/Connection.php(813): Illuminate\\Database\\Connection->runQueryCallback('select * from `...', Array, Object(Closure))
#1 /home/n0o0b090lv/DEV/LANG/LARAVEL/NOOB_FYI/vendor/laravel/framework/src/Illuminate/Database/Connection.php(426): Illuminate\\Database\\Connection->run('select * from `...', Array, Object(Closure))
#2 /home/n0o0b090lv/DEV/LANG/LARAVEL/NOOB_FYI/vendor/laravel/framework/src/Illuminate/Database/Query/Builder.php(3629): Illuminate\\Database\\Connection->select('select * from `...', Array, true, Array)
#3 /home/n0o0b090lv/DEV/LANG/LARAVEL/NOOB_FYI/vendor/laravel/framework/src/Illuminate/Database/Query/Builder.php(3613): Illuminate\\Database\\Query\\Builder->runSelect()
#4 /home/n0o0b090lv/DEV/LANG/LARAVEL/NOOB_FYI/vendor/laravel/framework/src/Illuminate/Cache/DatabaseStore.php(142): Illuminate\\Database\\Query\\Builder->get()
#5 /home/n0o0b090lv/DEV/LANG/LARAVEL/NOOB_FYI/vendor/laravel/framework/src/Illuminate/Cache/DatabaseStore.php(117): Illuminate\\Cache\\DatabaseStore->many(Array)
#6 /home/n0o0b090lv/DEV/LANG/LARAVEL/NOOB_FYI/vendor/laravel/framework/src/Illuminate/Cache/Repository.php(138): Illuminate\\Cache\\DatabaseStore->get('illuminate:queu...')
#7 /home/n0o0b090lv/DEV/LANG/LARAVEL/NOOB_FYI/vendor/laravel/framework/src/Illuminate/Queue/QueueManager.php(347): Illuminate\\Cache\\Repository->get('illuminate:queu...')
#8 /home/n0o0b090lv/DEV/LANG/LARAVEL/NOOB_FYI/vendor/laravel/framework/src/Illuminate/Queue/Worker.php(509): Illuminate\\Queue\\QueueManager->getPausedQueues('database', Array)
#9 /home/n0o0b090lv/DEV/LANG/LARAVEL/NOOB_FYI/vendor/laravel/framework/src/Illuminate/Queue/Worker.php(466): Illuminate\\Queue\\Worker->getPausedQueues('database', Array)
#10 /home/n0o0b090lv/DEV/LANG/LARAVEL/NOOB_FYI/vendor/laravel/framework/src/Illuminate/Queue/Worker.php(426): Illuminate\\Queue\\Worker->getNextJob(Object(Illuminate\\Queue\\DatabaseQueue), 'default')
#11 /home/n0o0b090lv/DEV/LANG/LARAVEL/NOOB_FYI/vendor/laravel/framework/src/Illuminate/Queue/Console/WorkCommand.php(152): Illuminate\\Queue\\Worker->runNextJob('database', 'default', Object(Illuminate\\Queue\\WorkerOptions))
#12 /home/n0o0b090lv/DEV/LANG/LARAVEL/NOOB_FYI/vendor/laravel/framework/src/Illuminate/Queue/Console/WorkCommand.php(135): Illuminate\\Queue\\Console\\WorkCommand->runWorker('database', 'default')
#13 /home/n0o0b090lv/DEV/LANG/LARAVEL/NOOB_FYI/vendor/laravel/framework/src/Illuminate/Container/BoundMethod.php(36): Illuminate\\Queue\\Console\\WorkCommand->handle()
#14 /home/n0o0b090lv/DEV/LANG/LARAVEL/NOOB_FYI/vendor/laravel/framework/src/Illuminate/Container/Util.php(43): Illuminate\\Container\\BoundMethod::{closure:Illuminate\\Container\\BoundMethod::call():35}()
#15 /home/n0o0b090lv/DEV/LANG/LARAVEL/NOOB_FYI/vendor/laravel/framework/src/Illuminate/Container/BoundMethod.php(96): Illuminate\\Container\\Util::unwrapIfClosure(Object(Closure))
#16 /home/n0o0b090lv/DEV/LANG/LARAVEL/NOOB_FYI/vendor/laravel/framework/src/Illuminate/Container/BoundMethod.php(35): Illuminate\\Container\\BoundMethod::callBoundMethod(Object(Illuminate\\Foundation\\Application), Array, Object(Closure))
#17 /home/n0o0b090lv/DEV/LANG/LARAVEL/NOOB_FYI/vendor/laravel/framework/src/Illuminate/Container/Container.php(803): Illuminate\\Container\\BoundMethod::call(Object(Illuminate\\Foundation\\Application), Array, Array, NULL)
#18 /home/n0o0b090lv/DEV/LANG/LARAVEL/NOOB_FYI/vendor/laravel/framework/src/Illuminate/Console/Command.php(292): Illuminate\\Container\\Container->call(Array)
#19 /home/n0o0b090lv/DEV/LANG/LARAVEL/NOOB_FYI/vendor/symfony/console/Command/Command.php(285): Illuminate\\Console\\Command->execute(Object(Symfony\\Component\\Console\\Input\\ArgvInput), Object(Illuminate\\Console\\OutputStyle))
#20 /home/n0o0b090lv/DEV/LANG/LARAVEL/NOOB_FYI/vendor/laravel/framework/src/Illuminate/Console/Command.php(261): Symfony\\Component\\Console\\Command\\Command->run(Object(Symfony\\Component\\Console\\Input\\ArgvInput), Object(Illuminate\\Console\\OutputStyle))
#21 /home/n0o0b090lv/DEV/LANG/LARAVEL/NOOB_FYI/vendor/symfony/console/Application.php(1144): Illuminate\\Console\\Command->run(Object(Symfony\\Component\\Console\\Input\\ArgvInput), Object(Symfony\\Component\\Console\\Output\\ConsoleOutput))
#22 /home/n0o0b090lv/DEV/LANG/LARAVEL/NOOB_FYI/vendor/symfony/console/Application.php(379): Symfony\\Component\\Console\\Application->doRunCommand(Object(Illuminate\\Queue\\Console\\WorkCommand), Object(Symfony\\Component\\Console\\Input\\ArgvInput), Object(Symfony\\Component\\Console\\Output\\ConsoleOutput))
#23 /home/n0o0b090lv/DEV/LANG/LARAVEL/NOOB_FYI/vendor/symfony/console/Application.php(218): Symfony\\Component\\Console\\Application->doRun(Object(Symfony\\Component\\Console\\Input\\ArgvInput), Object(Symfony\\Component\\Console\\Output\\ConsoleOutput))
#24 /home/n0o0b090lv/DEV/LANG/LARAVEL/NOOB_FYI/vendor/laravel/framework/src/Illuminate/Foundation/Console/Kernel.php(198): Symfony\\Component\\Console\\Application->run(Object(Symfony\\Component\\Console\\Input\\ArgvInput), Object(Symfony\\Component\\Console\\Output\\ConsoleOutput))
#25 /home/n0o0b090lv/DEV/LANG/LARAVEL/NOOB_FYI/vendor/laravel/framework/src/Illuminate/Foundation/Application.php(1242): Illuminate\\Foundation\\Console\\Kernel->handle(Object(Symfony\\Component\\Console\\Input\\ArgvInput), Object(Symfony\\Component\\Console\\Output\\ConsoleOutput))
#26 /home/n0o0b090lv/DEV/LANG/LARAVEL/NOOB_FYI/artisan(16): Illuminate\\Foundation\\Application->handleCommand(Object(Symfony\\Component\\Console\\Input\\ArgvInput))
#27 {main}

[previous exception] [object] (PDOException(code: 1698): SQLSTATE[HY000] [1698] Access denied for user 'root'@'localhost' at /home/n0o0b090lv/DEV/LANG/LARAVEL/NOOB_FYI/vendor/laravel/framework/src/Illuminate/Database/Connectors/Connector.php:67)
[stacktrace]
#0 /home/n0o0b090lv/DEV/LANG/LARAVEL/NOOB_FYI/vendor/laravel/framework/src/Illuminate/Database/Connectors/Connector.php(67): PDO::connect('mysql:host=127....', 'root', Object(SensitiveParameterValue), Array)
#1 /home/n0o0b090lv/DEV/LANG/LARAVEL/NOOB_FYI/vendor/laravel/framework/src/Illuminate/Database/Connectors/Connector.php(44): Illuminate\\Database\\Connectors\\Connector->createPdoConnection('mysql:host=127....', 'root', Object(SensitiveParameterValue), Array)
#2 /home/n0o0b090lv/DEV/LANG/LARAVEL/NOOB_FYI/vendor/laravel/framework/src/Illuminate/Database/Connectors/MySqlConnector.php(24): Illuminate\\Database\\Connectors\\Connector->createConnection('mysql:host=127....', Array, Array)
#3 /home/n0o0b090lv/DEV/LANG/LARAVEL/NOOB_FYI/vendor/laravel/framework/src/Illuminate/Database/Connectors/ConnectionFactory.php(220): Illuminate\\Database\\Connectors\\MySqlConnector->connect(Array)
#4 [internal function]: Illuminate\\Database\\Connectors\\ConnectionFactory->{closure:Illuminate\\Database\\Connectors\\ConnectionFactory::createPdoResolverWithHosts():213}()
#5 /home/n0o0b090lv/DEV/LANG/LARAVEL/NOOB_FYI/vendor/laravel/framework/src/Illuminate/Database/Connection.php(1298): call_user_func(Object(Closure))
#6 /home/n0o0b090lv/DEV/LANG/LARAVEL/NOOB_FYI/vendor/laravel/framework/src/Illuminate/Database/Connection.php(1336): Illuminate\\Database\\Connection->getPdo()
#7 /home/n0o0b090lv/DEV/LANG/LARAVEL/NOOB_FYI/vendor/laravel/framework/src/Illuminate/Database/Connection.php(542): Illuminate\\Database\\Connection->getReadPdo()
#8 /home/n0o0b090lv/DEV/LANG/LARAVEL/NOOB_FYI/vendor/laravel/framework/src/Illuminate/Database/Connection.php(435): Illuminate\\Database\\Connection->getPdoForSelect(true)
#9 /home/n0o0b090lv/DEV/LANG/LARAVEL/NOOB_FYI/vendor/laravel/framework/src/Illuminate/Database/Connection.php(846): Illuminate\\Database\\Connection->{closure:Illuminate\\Database\\Connection::select():426}('select * from `...', Array)
#10 /home/n0o0b090lv/DEV/LANG/LARAVEL/NOOB_FYI/vendor/laravel/framework/src/Illuminate/Database/Connection.php(813): Illuminate\\Database\\Connection->runQueryCallback('select * from `...', Array, Object(Closure))
#11 /home/n0o0b090lv/DEV/LANG/LARAVEL/NOOB_FYI/vendor/laravel/framework/src/Illuminate/Database/Connection.php(426): Illuminate\\Database\\Connection->run('select * from `...', Array, Object(Closure))
#12 /home/n0o0b090lv/DEV/LANG/LARAVEL/NOOB_FYI/vendor/laravel/framework/src/Illuminate/Database/Query/Builder.php(3629): Illuminate\\Database\\Connection->select('select * from `...', Array, true, Array)
#13 /home/n0o0b090lv/DEV/LANG/LARAVEL/NOOB_FYI/vendor/laravel/framework/src/Illuminate/Database/Query/Builder.php(3613): Illuminate\\Database\\Query\\Builder->runSelect()
#14 /home/n0o0b090lv/DEV/LANG/LARAVEL/NOOB_FYI/vendor/laravel/framework/src/Illuminate/Cache/DatabaseStore.php(142): Illuminate\\Database\\Query\\Builder->get()
#15 /home/n0o0b090lv/DEV/LANG/LARAVEL/NOOB_FYI/vendor/laravel/framework/src/Illuminate/Cache/DatabaseStore.php(117): Illuminate\\Cache\\DatabaseStore->many(Array)
#16 /home/n0o0b090lv/DEV/LANG/LARAVEL/NOOB_FYI/vendor/laravel/framework/src/Illuminate/Cache/Repository.php(138): Illuminate\\Cache\\DatabaseStore->get('illuminate:queu...')
#17 /home/n0o0b090lv/DEV/LANG/LARAVEL/NOOB_FYI/vendor/laravel/framework/src/Illuminate/Queue/QueueManager.php(347): Illuminate\\Cache\\Repository->get('illuminate:queu...')
#18 /home/n0o0b090lv/DEV/LANG/LARAVEL/NOOB_FYI/vendor/laravel/framework/src/Illuminate/Queue/Worker.php(509): Illuminate\\Queue\\QueueManager->getPausedQueues('database', Array)
#19 /home/n0o0b090lv/DEV/LANG/LARAVEL/NOOB_FYI/vendor/laravel/framework/src/Illuminate/Queue/Worker.php(466): Illuminate\\Queue\\Worker->getPausedQueues('database', Array)
#20 /home/n0o0b090lv/DEV/LANG/LARAVEL/NOOB_FYI/vendor/laravel/framework/src/Illuminate/Queue/Worker.php(426): Illuminate\\Queue\\Worker->getNextJob(Object(Illuminate\\Queue\\DatabaseQueue), 'default')
#21 /home/n0o0b090lv/DEV/LANG/LARAVEL/NOOB_FYI/vendor/laravel/framework/src/Illuminate/Queue/Console/WorkCommand.php(152): Illuminate\\Queue\\Worker->runNextJob('database', 'default', Object(Illuminate\\Queue\\WorkerOptions))
#22 /home/n0o0b090lv/DEV/LANG/LARAVEL/NOOB_FYI/vendor/laravel/framework/src/Illuminate/Queue/Console/WorkCommand.php(135): Illuminate\\Queue\\Console\\WorkCommand->runWorker('database', 'default')
#23 /home/n0o0b090lv/DEV/LANG/LARAVEL/NOOB_FYI/vendor/laravel/framework/src/Illuminate/Container/BoundMethod.php(36): Illuminate\\Queue\\Console\\WorkCommand->handle()
#24 /home/n0o0b090lv/DEV/LANG/LARAVEL/NOOB_FYI/vendor/laravel/framework/src/Illuminate/Container/Util.php(43): Illuminate\\Container\\BoundMethod::{closure:Illuminate\\Container\\BoundMethod::call():35}()
#25 /home/n0o0b090lv/DEV/LANG/LARAVEL/NOOB_FYI/vendor/laravel/framework/src/Illuminate/Container/BoundMethod.php(96): Illuminate\\Container\\Util::unwrapIfClosure(Object(Closure))
#26 /home/n0o0b090lv/DEV/LANG/LARAVEL/NOOB_FYI/vendor/laravel/framework/src/Illuminate/Container/BoundMethod.php(35): Illuminate\\Container\\BoundMethod::callBoundMethod(Object(Illuminate\\Foundation\\Application), Array, Object(Closure))
#27 /home/n0o0b090lv/DEV/LANG/LARAVEL/NOOB_FYI/vendor/laravel/framework/src/Illuminate/Container/Container.php(803): Illuminate\\Container\\BoundMethod::call(Object(Illuminate\\Foundation\\Application), Array, Array, NULL)
#28 /home/n0o0b090lv/DEV/LANG/LARAVEL/NOOB_FYI/vendor/laravel/framework/src/Illuminate/Console/Command.php(292): Illuminate\\Container\\Container->call(Array)
#29 /home/n0o0b090lv/DEV/LANG/LARAVEL/NOOB_FYI/vendor/symfony/console/Command/Command.php(285): Illuminate\\Console\\Command->execute(Object(Symfony\\Component\\Console\\Input\\ArgvInput), Object(Illuminate\\Console\\OutputStyle))
#30 /home/n0o0b090lv/DEV/LANG/LARAVEL/NOOB_FYI/vendor/laravel/framework/src/Illuminate/Console/Command.php(261): Symfony\\Component\\Console\\Command\\Command->run(Object(Symfony\\Component\\Console\\Input\\ArgvInput), Object(Illuminate\\Console\\OutputStyle))
#31 /home/n0o0b090lv/DEV/LANG/LARAVEL/NOOB_FYI/vendor/symfony/console/Application.php(1144): Illuminate\\Console\\Command->run(Object(Symfony\\Component\\Console\\Input\\ArgvInput), Object(Symfony\\Component\\Console\\Output\\ConsoleOutput))
#32 /home/n0o0b090lv/DEV/LANG/LARAVEL/NOOB_FYI/vendor/symfony/console/Application.php(379): Symfony\\Component\\Console\\Application->doRunCommand(Object(Illuminate\\Queue\\Console\\WorkCommand), Object(Symfony\\Component\\Console\\Input\\ArgvInput), Object(Symfony\\Component\\Console\\Output\\ConsoleOutput))
#33 /home/n0o0b090lv/DEV/LANG/LARAVEL/NOOB_FYI/vendor/symfony/console/Application.php(218): Symfony\\Component\\Console\\Application->doRun(Object(Symfony\\Component\\Console\\Input\\ArgvInput), Object(Symfony\\Component\\Console\\Output\\ConsoleOutput))
#34 /home/n0o0b090lv/DEV/LANG/LARAVEL/NOOB_FYI/vendor/laravel/framework/src/Illuminate/Foundation/Console/Kernel.php(198): Symfony\\Component\\Console\\Application->run(Object(Symfony\\Component\\Console\\Input\\ArgvInput), Object(Symfony\\Component\\Console\\Output\\ConsoleOutput))
#35 /home/n0o0b090lv/DEV/LANG/LARAVEL/NOOB_FYI/vendor/laravel/framework/src/Illuminate/Foundation/Application.php(1242): Illuminate\\Foundation\\Console\\Kernel->handle(Object(Symfony\\Component\\Console\\Input\\ArgvInput), Object(Symfony\\Component\\Console\\Output\\ConsoleOutput))
#36 /home/n0o0b090lv/DEV/LANG/LARAVEL/NOOB_FYI/artisan(16): Illuminate\\Foundation\\Application->handleCommand(Object(Symfony\\Component\\Console\\Input\\ArgvInput))
#37 {main}
"} 
[2026-09-10 11:30:16] local.ERROR: SQLSTATE[HY000] [1698] Access denied for user 'root'@'localhost' (Connection: mariadb, Host: 127.0.0.1, Port: 3306, Database: noob_fyi, SQL: select * from `cache` where `key` in (laravel-cache-illuminate:queues:paused)) {"exception":"[object] (Illuminate\\Database\\QueryException(code: 1698): SQLSTATE[HY000] [1698] Access denied for user 'root'@'localhost' (Connection: mariadb, Host: 127.0.0.1, Port: 3306, Database: noob_fyi, SQL: select * from `cache` where `key` in (laravel-cache-illuminate:queues:paused)) at /home/n0o0b090lv/DEV/LANG/LARAVEL/NOOB_FYI/vendor/laravel/framework/src/Illuminate/Database/Connection.php:857)
[stacktrace]
#0 /home/n0o0b090lv/DEV/LANG/LARAVEL/NOOB_FYI/vendor/laravel/framework/src/Illuminate/Database/Connection.php(813): Illuminate\\Database\\Connection->runQueryCallback('select * from `...', Array, Object(Closure))
#1 /home/n0o0b090lv/DEV/LANG/LARAVEL/NOOB_FYI/vendor/laravel/framework/src/Illuminate/Database/Connection.php(426): Illuminate\\Database\\Connection->run('select * from `...', Array, Object(Closure))
#2 /home/n0o0b090lv/DEV/LANG/LARAVEL/NOOB_FYI/vendor/laravel/framework/src/Illuminate/Database/Query/Builder.php(3629): Illuminate\\Database\\Connection->select('select * from `...', Array, true, Array)
#3 /home/n0o0b090lv/DEV/LANG/LARAVEL/NOOB_FYI/vendor/laravel/framework/src/Illuminate/Database/Query/Builder.php(3613): Illuminate\\Database\\Query\\Builder->runSelect()
#4 /home/n0o0b090lv/DEV/LANG/LARAVEL/NOOB_FYI/vendor/laravel/framework/src/Illuminate/Cache/DatabaseStore.php(142): Illuminate\\Database\\Query\\Builder->get()
#5 /home/n0o0b090lv/DEV/LANG/LARAVEL/NOOB_FYI/vendor/laravel/framework/src/Illuminate/Cache/DatabaseStore.php(117): Illuminate\\Cache\\DatabaseStore->many(Array)
#6 /home/n0o0b090lv/DEV/LANG/LARAVEL/NOOB_FYI/vendor/laravel/framework/src/Illuminate/Cache/Repository.php(138): Illuminate\\Cache\\DatabaseStore->get('illuminate:queu...')
#7 /home/n0o0b090lv/DEV/LANG/LARAVEL/NOOB_FYI/vendor/laravel/framework/src/Illuminate/Queue/QueueManager.php(347): Illuminate\\Cache\\Repository->get('illuminate:queu...')
#8 /home/n0o0b090lv/DEV/LANG/LARAVEL/NOOB_FYI/vendor/laravel/framework/src/Illuminate/Queue/Worker.php(509): Illuminate\\Queue\\QueueManager->getPausedQueues('database', Array)
#9 /home/n0o0b090lv/DEV/LANG/LARAVEL/NOOB_FYI/vendor/laravel/framework/src/Illuminate/Queue/Worker.php(466): Illuminate\\Queue\\Worker->getPausedQueues('database', Array)
#10 /home/n0o0b090lv/DEV/LANG/LARAVEL/NOOB_FYI/vendor/laravel/framework/src/Illuminate/Queue/Worker.php(426): Illuminate\\Queue\\Worker->getNextJob(Object(Illuminate\\Queue\\DatabaseQueue), 'default')
#11 /home/n0o0b090lv/DEV/LANG/LARAVEL/NOOB_FYI/vendor/laravel/framework/src/Illuminate/Queue/Console/WorkCommand.php(152): Illuminate\\Queue\\Worker->runNextJob('database', 'default', Object(Illuminate\\Queue\\WorkerOptions))
#12 /home/n0o0b090lv/DEV/LANG/LARAVEL/NOOB_FYI/vendor/laravel/framework/src/Illuminate/Queue/Console/WorkCommand.php(135): Illuminate\\Queue\\Console\\WorkCommand->runWorker('database', 'default')
#13 /home/n0o0b090lv/DEV/LANG/LARAVEL/NOOB_FYI/vendor/laravel/framework/src/Illuminate/Container/BoundMethod.php(36): Illuminate\\Queue\\Console\\WorkCommand->handle()
#14 /home/n0o0b090lv/DEV/LANG/LARAVEL/NOOB_FYI/vendor/laravel/framework/src/Illuminate/Container/Util.php(43): Illuminate\\Container\\BoundMethod::{closure:Illuminate\\Container\\BoundMethod::call():35}()
#15 /home/n0o0b090lv/DEV/LANG/LARAVEL/NOOB_FYI/vendor/laravel/framework/src/Illuminate/Container/BoundMethod.php(96): Illuminate\\Container\\Util::unwrapIfClosure(Object(Closure))
#16 /home/n0o0b090lv/DEV/LANG/LARAVEL/NOOB_FYI/vendor/laravel/framework/src/Illuminate/Container/BoundMethod.php(35): Illuminate\\Container\\BoundMethod::callBoundMethod(Object(Illuminate\\Foundation\\Application), Array, Object(Closure))
#17 /home/n0o0b090lv/DEV/LANG/LARAVEL/NOOB_FYI/vendor/laravel/framework/src/Illuminate/Container/Container.php(803): Illuminate\\Container\\BoundMethod::call(Object(Illuminate\\Foundation\\Application), Array, Array, NULL)
#18 /home/n0o0b090lv/DEV/LANG/LARAVEL/NOOB_FYI/vendor/laravel/framework/src/Illuminate/Console/Command.php(292): Illuminate\\Container\\Container->call(Array)
#19 /home/n0o0b090lv/DEV/LANG/LARAVEL/NOOB_FYI/vendor/symfony/console/Command/Command.php(285): Illuminate\\Console\\Command->execute(Object(Symfony\\Component\\Console\\Input\\ArgvInput), Object(Illuminate\\Console\\OutputStyle))
#20 /home/n0o0b090lv/DEV/LANG/LARAVEL/NOOB_FYI/vendor/laravel/framework/src/Illuminate/Console/Command.php(261): Symfony\\Component\\Console\\Command\\Command->run(Object(Symfony\\Component\\Console\\Input\\ArgvInput), Object(Illuminate\\Console\\OutputStyle))
#21 /home/n0o0b090lv/DEV/LANG/LARAVEL/NOOB_FYI/vendor/symfony/console/Application.php(1144): Illuminate\\Console\\Command->run(Object(Symfony\\Component\\Console\\Input\\ArgvInput), Object(Symfony\\Component\\Console\\Output\\ConsoleOutput))
#22 /home/n0o0b090lv/DEV/LANG/LARAVEL/NOOB_FYI/vendor/symfony/console/Application.php(379): Symfony\\Component\\Console\\Application->doRunCommand(Object(Illuminate\\Queue\\Console\\WorkCommand), Object(Symfony\\Component\\Console\\Input\\ArgvInput), Object(Symfony\\Component\\Console\\Output\\ConsoleOutput))
#23 /home/n0o0b090lv/DEV/LANG/LARAVEL/NOOB_FYI/vendor/symfony/console/Application.php(218): Symfony\\Component\\Console\\Application->doRun(Object(Symfony\\Component\\Console\\Input\\ArgvInput), Object(Symfony\\Component\\Console\\Output\\ConsoleOutput))
#24 /home/n0o0b090lv/DEV/LANG/LARAVEL/NOOB_FYI/vendor/laravel/framework/src/Illuminate/Foundation/Console/Kernel.php(198): Symfony\\Component\\Console\\Application->run(Object(Symfony\\Component\\Console\\Input\\ArgvInput), Object(Symfony\\Component\\Console\\Output\\ConsoleOutput))
#25 /home/n0o0b090lv/DEV/LANG/LARAVEL/NOOB_FYI/vendor/laravel/framework/src/Illuminate/Foundation/Application.php(1242): Illuminate\\Foundation\\Console\\Kernel->handle(Object(Symfony\\Component\\Console\\Input\\ArgvInput), Object(Symfony\\Component\\Console\\Output\\ConsoleOutput))
#26 /home/n0o0b090lv/DEV/LANG/LARAVEL/NOOB_FYI/artisan(16): Illuminate\\Foundation\\Application->handleCommand(Object(Symfony\\Component\\Console\\Input\\ArgvInput))
#27 {main}

[previous exception] [object] (PDOException(code: 1698): SQLSTATE[HY000] [1698] Access denied for user 'root'@'localhost' at /home/n0o0b090lv/DEV/LANG/LARAVEL/NOOB_FYI/vendor/laravel/framework/src/Illuminate/Database/Connectors/Connector.php:67)
[stacktrace]
#0 /home/n0o0b090lv/DEV/LANG/LARAVEL/NOOB_FYI/vendor/laravel/framework/src/Illuminate/Database/Connectors/Connector.php(67): PDO::connect('mysql:host=127....', 'root', Object(SensitiveParameterValue), Array)
#1 /home/n0o0b090lv/DEV/LANG/LARAVEL/NOOB_FYI/vendor/laravel/framework/src/Illuminate/Database/Connectors/Connector.php(44): Illuminate\\Database\\Connectors\\Connector->createPdoConnection('mysql:host=127....', 'root', Object(SensitiveParameterValue), Array)
#2 /home/n0o0b090lv/DEV/LANG/LARAVEL/NOOB_FYI/vendor/laravel/framework/src/Illuminate/Database/Connectors/MySqlConnector.php(24): Illuminate\\Database\\Connectors\\Connector->createConnection('mysql:host=127....', Array, Array)
#3 /home/n0o0b090lv/DEV/LANG/LARAVEL/NOOB_FYI/vendor/laravel/framework/src/Illuminate/Database/Connectors/ConnectionFactory.php(220): Illuminate\\Database\\Connectors\\MySqlConnector->connect(Array)
#4 [internal function]: Illuminate\\Database\\Connectors\\ConnectionFactory->{closure:Illuminate\\Database\\Connectors\\ConnectionFactory::createPdoResolverWithHosts():213}()
#5 /home/n0o0b090lv/DEV/LANG/LARAVEL/NOOB_FYI/vendor/laravel/framework/src/Illuminate/Database/Connection.php(1298): call_user_func(Object(Closure))
#6 /home/n0o0b090lv/DEV/LANG/LARAVEL/NOOB_FYI/vendor/laravel/framework/src/Illuminate/Database/Connection.php(1336): Illuminate\\Database\\Connection->getPdo()
#7 /home/n0o0b090lv/DEV/LANG/LARAVEL/NOOB_FYI/vendor/laravel/framework/src/Illuminate/Database/Connection.php(542): Illuminate\\Database\\Connection->getReadPdo()
#8 /home/n0o0b090lv/DEV/LANG/LARAVEL/NOOB_FYI/vendor/laravel/framework/src/Illuminate/Database/Connection.php(435): Illuminate\\Database\\Connection->getPdoForSelect(true)
#9 /home/n0o0b090lv/DEV/LANG/LARAVEL/NOOB_FYI/vendor/laravel/framework/src/Illuminate/Database/Connection.php(846): Illuminate\\Database\\Connection->{closure:Illuminate\\Database\\Connection::select():426}('select * from `...', Array)
#10 /home/n0o0b090lv/DEV/LANG/LARAVEL/NOOB_FYI/vendor/laravel/framework/src/Illuminate/Database/Connection.php(813): Illuminate\\Database\\Connection->runQueryCallback('select * from `...', Array, Object(Closure))
#11 /home/n0o0b090lv/DEV/LANG/LARAVEL/NOOB_FYI/vendor/laravel/framework/src/Illuminate/Database/Connection.php(426): Illuminate\\Database\\Connection->run('select * from `...', Array, Object(Closure))
#12 /home/n0o0b090lv/DEV/LANG/LARAVEL/NOOB_FYI/vendor/laravel/framework/src/Illuminate/Database/Query/Builder.php(3629): Illuminate\\Database\\Connection->select('select * from `...', Array, true, Array)
#13 /home/n0o0b090lv/DEV/LANG/LARAVEL/NOOB_FYI/vendor/laravel/framework/src/Illuminate/Database/Query/Builder.php(3613): Illuminate\\Database\\Query\\Builder->runSelect()
#14 /home/n0o0b090lv/DEV/LANG/LARAVEL/NOOB_FYI/vendor/laravel/framework/src/Illuminate/Cache/DatabaseStore.php(142): Illuminate\\Database\\Query\\Builder->get()
#15 /home/n0o0b090lv/DEV/LANG/LARAVEL/NOOB_FYI/vendor/laravel/framework/src/Illuminate/Cache/DatabaseStore.php(117): Illuminate\\Cache\\DatabaseStore->many(Array)
#16 /home/n0o0b090lv/DEV/LANG/LARAVEL/NOOB_FYI/vendor/laravel/framework/src/Illuminate/Cache/Repository.php(138): Illuminate\\Cache\\DatabaseStore->get('illuminate:queu...')
#17 /home/n0o0b090lv/DEV/LANG/LARAVEL/NOOB_FYI/vendor/laravel/framework/src/Illuminate/Queue/QueueManager.php(347): Illuminate\\Cache\\Repository->get('illuminate:queu...')
#18 /home/n0o0b090lv/DEV/LANG/LARAVEL/NOOB_FYI/vendor/laravel/framework/src/Illuminate/Queue/Worker.php(509): Illuminate\\Queue\\QueueManager->getPausedQueues('database', Array)
#19 /home/n0o0b090lv/DEV/LANG/LARAVEL/NOOB_FYI/vendor/laravel/framework/src/Illuminate/Queue/Worker.php(466): Illuminate\\Queue\\Worker->getPausedQueues('database', Array)
#20 /home/n0o0b090lv/DEV/LANG/LARAVEL/NOOB_FYI/vendor/laravel/framework/src/Illuminate/Queue/Worker.php(426): Illuminate\\Queue\\Worker->getNextJob(Object(Illuminate\\Queue\\DatabaseQueue), 'default')
#21 /home/n0o0b090lv/DEV/LANG/LARAVEL/NOOB_FYI/vendor/laravel/framework/src/Illuminate/Queue/Console/WorkCommand.php(152): Illuminate\\Queue\\Worker->runNextJob('database', 'default', Object(Illuminate\\Queue\\WorkerOptions))
#22 /home/n0o0b090lv/DEV/LANG/LARAVEL/NOOB_FYI/vendor/laravel/framework/src/Illuminate/Queue/Console/WorkCommand.php(135): Illuminate\\Queue\\Console\\WorkCommand->runWorker('database', 'default')
#23 /home/n0o0b090lv/DEV/LANG/LARAVEL/NOOB_FYI/vendor/laravel/framework/src/Illuminate/Container/BoundMethod.php(36): Illuminate\\Queue\\Console\\WorkCommand->handle()
#24 /home/n0o0b090lv/DEV/LANG/LARAVEL/NOOB_FYI/vendor/laravel/framework/src/Illuminate/Container/Util.php(43): Illuminate\\Container\\BoundMethod::{closure:Illuminate\\Container\\BoundMethod::call():35}()
#25 /home/n0o0b090lv/DEV/LANG/LARAVEL/NOOB_FYI/vendor/laravel/framework/src/Illuminate/Container/BoundMethod.php(96): Illuminate\\Container\\Util::unwrapIfClosure(Object(Closure))
#26 /home/n0o0b090lv/DEV/LANG/LARAVEL/NOOB_FYI/vendor/laravel/framework/src/Illuminate/Container/BoundMethod.php(35): Illuminate\\Container\\BoundMethod::callBoundMethod(Object(Illuminate\\Foundation\\Application), Array, Object(Closure))
#27 /home/n0o0b090lv/DEV/LANG/LARAVEL/NOOB_FYI/vendor/laravel/framework/src/Illuminate/Container/Container.php(803): Illuminate\\Container\\BoundMethod::call(Object(Illuminate\\Foundation\\Application), Array, Array, NULL)
#28 /home/n0o0b090lv/DEV/LANG/LARAVEL/NOOB_FYI/vendor/laravel/framework/src/Illuminate/Console/Command.php(292): Illuminate\\Container\\Container->call(Array)
#29 /home/n0o0b090lv/DEV/LANG/LARAVEL/NOOB_FYI/vendor/symfony/console/Command/Command.php(285): Illuminate\\Console\\Command->execute(Object(Symfony\\Component\\Console\\Input\\ArgvInput), Object(Illuminate\\Console\\OutputStyle))
#30 /home/n0o0b090lv/DEV/LANG/LARAVEL/NOOB_FYI/vendor/laravel/framework/src/Illuminate/Console/Command.php(261): Symfony\\Component\\Console\\Command\\Command->run(Object(Symfony\\Component\\Console\\Input\\ArgvInput), Object(Illuminate\\Console\\OutputStyle))
#31 /home/n0o0b090lv/DEV/LANG/LARAVEL/NOOB_FYI/vendor/symfony/console/Application.php(1144): Illuminate\\Console\\Command->run(Object(Symfony\\Component\\Console\\Input\\ArgvInput), Object(Symfony\\Component\\Console\\Output\\ConsoleOutput))
#32 /home/n0o0b090lv/DEV/LANG/LARAVEL/NOOB_FYI/vendor/symfony/console/Application.php(379): Symfony\\Component\\Console\\Application->doRunCommand(Object(Illuminate\\Queue\\Console\\WorkCommand), Object(Symfony\\Component\\Console\\Input\\ArgvInput), Object(Symfony\\Component\\Console\\Output\\ConsoleOutput))
#33 /home/n0o0b090lv/DEV/LANG/LARAVEL/NOOB_FYI/vendor/symfony/console/Application.php(218): Symfony\\Component\\Console\\Application->doRun(Object(Symfony\\Component\\Console\\Input\\ArgvInput), Object(Symfony\\Component\\Console\\Output\\ConsoleOutput))
#34 /home/n0o0b090lv/DEV/LANG/LARAVEL/NOOB_FYI/vendor/laravel/framework/src/Illuminate/Foundation/Console/Kernel.php(198): Symfony\\Component\\Console\\Application->run(Object(Symfony\\Component\\Console\\Input\\ArgvInput), Object(Symfony\\Component\\Console\\Output\\ConsoleOutput))
#35 /home/n0o0b090lv/DEV/LANG/LARAVEL/NOOB_FYI/vendor/laravel/framework/src/Illuminate/Foundation/Application.php(1242): Illuminate\\Foundation\\Console\\Kernel->handle(Object(Symfony\\Component\\Console\\Input\\ArgvInput), Object(Symfony\\Component\\Console\\Output\\ConsoleOutput))
#36 /home/n0o0b090lv/DEV/LANG/LARAVEL/NOOB_FYI/artisan(16): Illuminate\\Foundation\\Application->handleCommand(Object(Symfony\\Component\\Console\\Input\\ArgvInput))
#37 {main}
"} 
[2026-09-10 11:30:20] local.ERROR: SQLSTATE[HY000] [1698] Access denied for user 'root'@'localhost' (Connection: mariadb, Host: 127.0.0.1, Port: 3306, Database: noob_fyi, SQL: select * from `cache` where `key` in (laravel-cache-illuminate:queues:paused)) {"exception":"[object] (Illuminate\\Database\\QueryException(code: 1698): SQLSTATE[HY000] [1698] Access denied for user 'root'@'localhost' (Connection: mariadb, Host: 127.0.0.1, Port: 3306, Database: noob_fyi, SQL: select * from `cache` where `key` in (laravel-cache-illuminate:queues:paused)) at /home/n0o0b090lv/DEV/LANG/LARAVEL/NOOB_FYI/vendor/laravel/framework/src/Illuminate/Database/Connection.php:857)
[stacktrace]
#0 /home/n0o0b090lv/DEV/LANG/LARAVEL/NOOB_FYI/vendor/laravel/framework/src/Illuminate/Database/Connection.php(813): Illuminate\\Database\\Connection->runQueryCallback('select * from `...', Array, Object(Closure))
#1 /home/n0o0b090lv/DEV/LANG/LARAVEL/NOOB_FYI/vendor/laravel/framework/src/Illuminate/Database/Connection.php(426): Illuminate\\Database\\Connection->run('select * from `...', Array, Object(Closure))
#2 /home/n0o0b090lv/DEV/LANG/LARAVEL/NOOB_FYI/vendor/laravel/framework/src/Illuminate/Database/Query/Builder.php(3629): Illuminate\\Database\\Connection->select('select * from `...', Array, true, Array)
#3 /home/n0o0b090lv/DEV/LANG/LARAVEL/NOOB_FYI/vendor/laravel/framework/src/Illuminate/Database/Query/Builder.php(3613): Illuminate\\Database\\Query\\Builder->runSelect()
#4 /home/n0o0b090lv/DEV/LANG/LARAVEL/NOOB_FYI/vendor/laravel/framework/src/Illuminate/Cache/DatabaseStore.php(142): Illuminate\\Database\\Query\\Builder->get()
#5 /home/n0o0b090lv/DEV/LANG/LARAVEL/NOOB_FYI/vendor/laravel/framework/src/Illuminate/Cache/DatabaseStore.php(117): Illuminate\\Cache\\DatabaseStore->many(Array)
#6 /home/n0o0b090lv/DEV/LANG/LARAVEL/NOOB_FYI/vendor/laravel/framework/src/Illuminate/Cache/Repository.php(138): Illuminate\\Cache\\DatabaseStore->get('illuminate:queu...')
#7 /home/n0o0b090lv/DEV/LANG/LARAVEL/NOOB_FYI/vendor/laravel/framework/src/Illuminate/Queue/QueueManager.php(347): Illuminate\\Cache\\Repository->get('illuminate:queu...')
#8 /home/n0o0b090lv/DEV/LANG/LARAVEL/NOOB_FYI/vendor/laravel/framework/src/Illuminate/Queue/Worker.php(509): Illuminate\\Queue\\QueueManager->getPausedQueues('database', Array)
#9 /home/n0o0b090lv/DEV/LANG/LARAVEL/NOOB_FYI/vendor/laravel/framework/src/Illuminate/Queue/Worker.php(466): Illuminate\\Queue\\Worker->getPausedQueues('database', Array)
#10 /home/n0o0b090lv/DEV/LANG/LARAVEL/NOOB_FYI/vendor/laravel/framework/src/Illuminate/Queue/Worker.php(426): Illuminate\\Queue\\Worker->getNextJob(Object(Illuminate\\Queue\\DatabaseQueue), 'default')
#11 /home/n0o0b090lv/DEV/LANG/LARAVEL/NOOB_FYI/vendor/laravel/framework/src/Illuminate/Queue/Console/WorkCommand.php(152): Illuminate\\Queue\\Worker->runNextJob('database', 'default', Object(Illuminate\\Queue\\WorkerOptions))
#12 /home/n0o0b090lv/DEV/LANG/LARAVEL/NOOB_FYI/vendor/laravel/framework/src/Illuminate/Queue/Console/WorkCommand.php(135): Illuminate\\Queue\\Console\\WorkCommand->runWorker('database', 'default')
#13 /home/n0o0b090lv/DEV/LANG/LARAVEL/NOOB_FYI/vendor/laravel/framework/src/Illuminate/Container/BoundMethod.php(36): Illuminate\\Queue\\Console\\WorkCommand->handle()
#14 /home/n0o0b090lv/DEV/LANG/LARAVEL/NOOB_FYI/vendor/laravel/framework/src/Illuminate/Container/Util.php(43): Illuminate\\Container\\BoundMethod::{closure:Illuminate\\Container\\BoundMethod::call():35}()
#15 /home/n0o0b090lv/DEV/LANG/LARAVEL/NOOB_FYI/vendor/laravel/framework/src/Illuminate/Container/BoundMethod.php(96): Illuminate\\Container\\Util::unwrapIfClosure(Object(Closure))
#16 /home/n0o0b090lv/DEV/LANG/LARAVEL/NOOB_FYI/vendor/laravel/framework/src/Illuminate/Container/BoundMethod.php(35): Illuminate\\Container\\BoundMethod::callBoundMethod(Object(Illuminate\\Foundation\\Application), Array, Object(Closure))
#17 /home/n0o0b090lv/DEV/LANG/LARAVEL/NOOB_FYI/vendor/laravel/framework/src/Illuminate/Container/Container.php(803): Illuminate\\Container\\BoundMethod::call(Object(Illuminate\\Foundation\\Application), Array, Array, NULL)
#18 /home/n0o0b090lv/DEV/LANG/LARAVEL/NOOB_FYI/vendor/laravel/framework/src/Illuminate/Console/Command.php(292): Illuminate\\Container\\Container->call(Array)
#19 /home/n0o0b090lv/DEV/LANG/LARAVEL/NOOB_FYI/vendor/symfony/console/Command/Command.php(285): Illuminate\\Console\\Command->execute(Object(Symfony\\Component\\Console\\Input\\ArgvInput), Object(Illuminate\\Console\\OutputStyle))
#20 /home/n0o0b090lv/DEV/LANG/LARAVEL/NOOB_FYI/vendor/laravel/framework/src/Illuminate/Console/Command.php(261): Symfony\\Component\\Console\\Command\\Command->run(Object(Symfony\\Component\\Console\\Input\\ArgvInput), Object(Illuminate\\Console\\OutputStyle))
#21 /home/n0o0b090lv/DEV/LANG/LARAVEL/NOOB_FYI/vendor/symfony/console/Application.php(1144): Illuminate\\Console\\Command->run(Object(Symfony\\Component\\Console\\Input\\ArgvInput), Object(Symfony\\Component\\Console\\Output\\ConsoleOutput))
#22 /home/n0o0b090lv/DEV/LANG/LARAVEL/NOOB_FYI/vendor/symfony/console/Application.php(379): Symfony\\Component\\Console\\Application->doRunCommand(Object(Illuminate\\Queue\\Console\\WorkCommand), Object(Symfony\\Component\\Console\\Input\\ArgvInput), Object(Symfony\\Component\\Console\\Output\\ConsoleOutput))
#23 /home/n0o0b090lv/DEV/LANG/LARAVEL/NOOB_FYI/vendor/symfony/console/Application.php(218): Symfony\\Component\\Console\\Application->doRun(Object(Symfony\\Component\\Console\\Input\\ArgvInput), Object(Symfony\\Component\\Console\\Output\\ConsoleOutput))
#24 /home/n0o0b090lv/DEV/LANG/LARAVEL/NOOB_FYI/vendor/laravel/framework/src/Illuminate/Foundation/Console/Kernel.php(198): Symfony\\Component\\Console\\Application->run(Object(Symfony\\Component\\Console\\Input\\ArgvInput), Object(Symfony\\Component\\Console\\Output\\ConsoleOutput))
#25 /home/n0o0b090lv/DEV/LANG/LARAVEL/NOOB_FYI/vendor/laravel/framework/src/Illuminate/Foundation/Application.php(1242): Illuminate\\Foundation\\Console\\Kernel->handle(Object(Symfony\\Component\\Console\\Input\\ArgvInput), Object(Symfony\\Component\\Console\\Output\\ConsoleOutput))
#26 /home/n0o0b090lv/DEV/LANG/LARAVEL/NOOB_FYI/artisan(16): Illuminate\\Foundation\\Application->handleCommand(Object(Symfony\\Component\\Console\\Input\\ArgvInput))
#27 {main}

[previous exception] [object] (PDOException(code: 1698): SQLSTATE[HY000] [1698] Access denied for user 'root'@'localhost' at /home/n0o0b090lv/DEV/LANG/LARAVEL/NOOB_FYI/vendor/laravel/framework/src/Illuminate/Database/Connectors/Connector.php:67)
[stacktrace]
#0 /home/n0o0b090lv/DEV/LANG/LARAVEL/NOOB_FYI/vendor/laravel/framework/src/Illuminate/Database/Connectors/Connector.php(67): PDO::connect('mysql:host=127....', 'root', Object(SensitiveParameterValue), Array)
#1 /home/n0o0b090lv/DEV/LANG/LARAVEL/NOOB_FYI/vendor/laravel/framework/src/Illuminate/Database/Connectors/Connector.php(44): Illuminate\\Database\\Connectors\\Connector->createPdoConnection('mysql:host=127....', 'root', Object(SensitiveParameterValue), Array)
#2 /home/n0o0b090lv/DEV/LANG/LARAVEL/NOOB_FYI/vendor/laravel/framework/src/Illuminate/Database/Connectors/MySqlConnector.php(24): Illuminate\\Database\\Connectors\\Connector->createConnection('mysql:host=127....', Array, Array)
#3 /home/n0o0b090lv/DEV/LANG/LARAVEL/NOOB_FYI/vendor/laravel/framework/src/Illuminate/Database/Connectors/ConnectionFactory.php(220): Illuminate\\Database\\Connectors\\MySqlConnector->connect(Array)
#4 [internal function]: Illuminate\\Database\\Connectors\\ConnectionFactory->{closure:Illuminate\\Database\\Connectors\\ConnectionFactory::createPdoResolverWithHosts():213}()
#5 /home/n0o0b090lv/DEV/LANG/LARAVEL/NOOB_FYI/vendor/laravel/framework/src/Illuminate/Database/Connection.php(1298): call_user_func(Object(Closure))
#6 /home/n0o0b090lv/DEV/LANG/LARAVEL/NOOB_FYI/vendor/laravel/framework/src/Illuminate/Database/Connection.php(1336): Illuminate\\Database\\Connection->getPdo()
#7 /home/n0o0b090lv/DEV/LANG/LARAVEL/NOOB_FYI/vendor/laravel/framework/src/Illuminate/Database/Connection.php(542): Illuminate\\Database\\Connection->getReadPdo()
#8 /home/n0o0b090lv/DEV/LANG/LARAVEL/NOOB_FYI/vendor/laravel/framework/src/Illuminate/Database/Connection.php(435): Illuminate\\Database\\Connection->getPdoForSelect(true)
#9 /home/n0o0b090lv/DEV/LANG/LARAVEL/NOOB_FYI/vendor/laravel/framework/src/Illuminate/Database/Connection.php(846): Illuminate\\Database\\Connection->{closure:Illuminate\\Database\\Connection::select():426}('select * from `...', Array)
#10 /home/n0o0b090lv/DEV/LANG/LARAVEL/NOOB_FYI/vendor/laravel/framework/src/Illuminate/Database/Connection.php(813): Illuminate\\Database\\Connection->runQueryCallback('select * from `...', Array, Object(Closure))
#11 /home/n0o0b090lv/DEV/LANG/LARAVEL/NOOB_FYI/vendor/laravel/framework/src/Illuminate/Database/Connection.php(426): Illuminate\\Database\\Connection->run('select * from `...', Array, Object(Closure))
#12 /home/n0o0b090lv/DEV/LANG/LARAVEL/NOOB_FYI/vendor/laravel/framework/src/Illuminate/Database/Query/Builder.php(3629): Illuminate\\Database\\Connection->select('select * from `...', Array, true, Array)
#13 /home/n0o0b090lv/DEV/LANG/LARAVEL/NOOB_FYI/vendor/laravel/framework/src/Illuminate/Database/Query/Builder.php(3613): Illuminate\\Database\\Query\\Builder->runSelect()
#14 /home/n0o0b090lv/DEV/LANG/LARAVEL/NOOB_FYI/vendor/laravel/framework/src/Illuminate/Cache/DatabaseStore.php(142): Illuminate\\Database\\Query\\Builder->get()
#15 /home/n0o0b090lv/DEV/LANG/LARAVEL/NOOB_FYI/vendor/laravel/framework/src/Illuminate/Cache/DatabaseStore.php(117): Illuminate\\Cache\\DatabaseStore->many(Array)
#16 /home/n0o0b090lv/DEV/LANG/LARAVEL/NOOB_FYI/vendor/laravel/framework/src/Illuminate/Cache/Repository.php(138): Illuminate\\Cache\\DatabaseStore->get('illuminate:queu...')
#17 /home/n0o0b090lv/DEV/LANG/LARAVEL/NOOB_FYI/vendor/laravel/framework/src/Illuminate/Queue/QueueManager.php(347): Illuminate\\Cache\\Repository->get('illuminate:queu...')
#18 /home/n0o0b090lv/DEV/LANG/LARAVEL/NOOB_FYI/vendor/laravel/framework/src/Illuminate/Queue/Worker.php(509): Illuminate\\Queue\\QueueManager->getPausedQueues('database', Array)
#19 /home/n0o0b090lv/DEV/LANG/LARAVEL/NOOB_FYI/vendor/laravel/framework/src/Illuminate/Queue/Worker.php(466): Illuminate\\Queue\\Worker->getPausedQueues('database', Array)
#20 /home/n0o0b090lv/DEV/LANG/LARAVEL/NOOB_FYI/vendor/laravel/framework/src/Illuminate/Queue/Worker.php(426): Illuminate\\Queue\\Worker->getNextJob(Object(Illuminate\\Queue\\DatabaseQueue), 'default')
#21 /home/n0o0b090lv/DEV/LANG/LARAVEL/NOOB_FYI/vendor/laravel/framework/src/Illuminate/Queue/Console/WorkCommand.php(152): Illuminate\\Queue\\Worker->runNextJob('database', 'default', Object(Illuminate\\Queue\\WorkerOptions))
#22 /home/n0o0b090lv/DEV/LANG/LARAVEL/NOOB_FYI/vendor/laravel/framework/src/Illuminate/Queue/Console/WorkCommand.php(135): Illuminate\\Queue\\Console\\WorkCommand->runWorker('database', 'default')
#23 /home/n0o0b090lv/DEV/LANG/LARAVEL/NOOB_FYI/vendor/laravel/framework/src/Illuminate/Container/BoundMethod.php(36): Illuminate\\Queue\\Console\\WorkCommand->handle()
#24 /home/n0o0b090lv/DEV/LANG/LARAVEL/NOOB_FYI/vendor/laravel/framework/src/Illuminate/Container/Util.php(43): Illuminate\\Container\\BoundMethod::{closure:Illuminate\\Container\\BoundMethod::call():35}()
#25 /home/n0o0b090lv/DEV/LANG/LARAVEL/NOOB_FYI/vendor/laravel/framework/src/Illuminate/Container/BoundMethod.php(96): Illuminate\\Container\\Util::unwrapIfClosure(Object(Closure))
#26 /home/n0o0b090lv/DEV/LANG/LARAVEL/NOOB_FYI/vendor/laravel/framework/src/Illuminate/Container/BoundMethod.php(35): Illuminate\\Container\\BoundMethod::callBoundMethod(Object(Illuminate\\Foundation\\Application), Array, Object(Closure))
#27 /home/n0o0b090lv/DEV/LANG/LARAVEL/NOOB_FYI/vendor/laravel/framework/src/Illuminate/Container/Container.php(803): Illuminate\\Container\\BoundMethod::call(Object(Illuminate\\Foundation\\Application), Array, Array, NULL)
#28 /home/n0o0b090lv/DEV/LANG/LARAVEL/NOOB_FYI/vendor/laravel/framework/src/Illuminate/Console/Command.php(292): Illuminate\\Container\\Container->call(Array)
#29 /home/n0o0b090lv/DEV/LANG/LARAVEL/NOOB_FYI/vendor/symfony/console/Command/Command.php(285): Illuminate\\Console\\Command->execute(Object(Symfony\\Component\\Console\\Input\\ArgvInput), Object(Illuminate\\Console\\OutputStyle))
#30 /home/n0o0b090lv/DEV/LANG/LARAVEL/NOOB_FYI/vendor/laravel/framework/src/Illuminate/Console/Command.php(261): Symfony\\Component\\Console\\Command\\Command->run(Object(Symfony\\Component\\Console\\Input\\ArgvInput), Object(Illuminate\\Console\\OutputStyle))
#31 /home/n0o0b090lv/DEV/LANG/LARAVEL/NOOB_FYI/vendor/symfony/console/Application.php(1144): Illuminate\\Console\\Command->run(Object(Symfony\\Component\\Console\\Input\\ArgvInput), Object(Symfony\\Component\\Console\\Output\\ConsoleOutput))
#32 /home/n0o0b090lv/DEV/LANG/LARAVEL/NOOB_FYI/vendor/symfony/console/Application.php(379): Symfony\\Component\\Console\\Application->doRunCommand(Object(Illuminate\\Queue\\Console\\WorkCommand), Object(Symfony\\Component\\Console\\Input\\ArgvInput), Object(Symfony\\Component\\Console\\Output\\ConsoleOutput))
#33 /home/n0o0b090lv/DEV/LANG/LARAVEL/NOOB_FYI/vendor/symfony/console/Application.php(218): Symfony\\Component\\Console\\Application->doRun(Object(Symfony\\Component\\Console\\Input\\ArgvInput), Object(Symfony\\Component\\Console\\Output\\ConsoleOutput))
#34 /home/n0o0b090lv/DEV/LANG/LARAVEL/NOOB_FYI/vendor/laravel/framework/src/Illuminate/Foundation/Console/Kernel.php(198): Symfony\\Component\\Console\\Application->run(Object(Symfony\\Component\\Console\\Input\\ArgvInput), Object(Symfony\\Component\\Console\\Output\\ConsoleOutput))
#35 /home/n0o0b090lv/DEV/LANG/LARAVEL/NOOB_FYI/vendor/laravel/framework/src/Illuminate/Foundation/Application.php(1242): Illuminate\\Foundation\\Console\\Kernel->handle(Object(Symfony\\Component\\Console\\Input\\ArgvInput), Object(Symfony\\Component\\Console\\Output\\ConsoleOutput))
#36 /home/n0o0b090lv/DEV/LANG/LARAVEL/NOOB_FYI/artisan(16): Illuminate\\Foundation\\Application->handleCommand(Object(Symfony\\Component\\Console\\Input\\ArgvInput))
#37 {main}
"} 
[2026-09-10 11:30:25] local.ERROR: SQLSTATE[HY000] [1698] Access denied for user 'root'@'localhost' (Connection: mariadb, Host: 127.0.0.1, Port: 3306, Database: noob_fyi, SQL: select * from `cache` where `key` in (laravel-cache-illuminate:queues:paused)) {"exception":"[object] (Illuminate\\Database\\QueryException(code: 1698): SQLSTATE[HY000] [1698] Access denied for user 'root'@'localhost' (Connection: mariadb, Host: 127.0.0.1, Port: 3306, Database: noob_fyi, SQL: select * from `cache` where `key` in (laravel-cache-illuminate:queues:paused)) at /home/n0o0b090lv/DEV/LANG/LARAVEL/NOOB_FYI/vendor/laravel/framework/src/Illuminate/Database/Connection.php:857)
[stacktrace]
#0 /home/n0o0b090lv/DEV/LANG/LARAVEL/NOOB_FYI/vendor/laravel/framework/src/Illuminate/Database/Connection.php(813): Illuminate\\Database\\Connection->runQueryCallback('select * from `...', Array, Object(Closure))
#1 /home/n0o0b090lv/DEV/LANG/LARAVEL/NOOB_FYI/vendor/laravel/framework/src/Illuminate/Database/Connection.php(426): Illuminate\\Database\\Connection->run('select * from `...', Array, Object(Closure))
#2 /home/n0o0b090lv/DEV/LANG/LARAVEL/NOOB_FYI/vendor/laravel/framework/src/Illuminate/Database/Query/Builder.php(3629): Illuminate\\Database\\Connection->select('select * from `...', Array, true, Array)
#3 /home/n0o0b090lv/DEV/LANG/LARAVEL/NOOB_FYI/vendor/laravel/framework/src/Illuminate/Database/Query/Builder.php(3613): Illuminate\\Database\\Query\\Builder->runSelect()
#4 /home/n0o0b090lv/DEV/LANG/LARAVEL/NOOB_FYI/vendor/laravel/framework/src/Illuminate/Cache/DatabaseStore.php(142): Illuminate\\Database\\Query\\Builder->get()
#5 /home/n0o0b090lv/DEV/LANG/LARAVEL/NOOB_FYI/vendor/laravel/framework/src/Illuminate/Cache/DatabaseStore.php(117): Illuminate\\Cache\\DatabaseStore->many(Array)
#6 /home/n0o0b090lv/DEV/LANG/LARAVEL/NOOB_FYI/vendor/laravel/framework/src/Illuminate/Cache/Repository.php(138): Illuminate\\Cache\\DatabaseStore->get('illuminate:queu...')
#7 /home/n0o0b090lv/DEV/LANG/LARAVEL/NOOB_FYI/vendor/laravel/framework/src/Illuminate/Queue/QueueManager.php(347): Illuminate\\Cache\\Repository->get('illuminate:queu...')
#8 /home/n0o0b090lv/DEV/LANG/LARAVEL/NOOB_FYI/vendor/laravel/framework/src/Illuminate/Queue/Worker.php(509): Illuminate\\Queue\\QueueManager->getPausedQueues('database', Array)
#9 /home/n0o0b090lv/DEV/LANG/LARAVEL/NOOB_FYI/vendor/laravel/framework/src/Illuminate/Queue/Worker.php(466): Illuminate\\Queue\\Worker->getPausedQueues('database', Array)
#10 /home/n0o0b090lv/DEV/LANG/LARAVEL/NOOB_FYI/vendor/laravel/framework/src/Illuminate/Queue/Worker.php(426): Illuminate\\Queue\\Worker->getNextJob(Object(Illuminate\\Queue\\DatabaseQueue), 'default')
#11 /home/n0o0b090lv/DEV/LANG/LARAVEL/NOOB_FYI/vendor/laravel/framework/src/Illuminate/Queue/Console/WorkCommand.php(152): Illuminate\\Queue\\Worker->runNextJob('database', 'default', Object(Illuminate\\Queue\\WorkerOptions))
#12 /home/n0o0b090lv/DEV/LANG/LARAVEL/NOOB_FYI/vendor/laravel/framework/src/Illuminate/Queue/Console/WorkCommand.php(135): Illuminate\\Queue\\Console\\WorkCommand->runWorker('database', 'default')
#13 /home/n0o0b090lv/DEV/LANG/LARAVEL/NOOB_FYI/vendor/laravel/framework/src/Illuminate/Container/BoundMethod.php(36): Illuminate\\Queue\\Console\\WorkCommand->handle()
#14 /home/n0o0b090lv/DEV/LANG/LARAVEL/NOOB_FYI/vendor/laravel/framework/src/Illuminate/Container/Util.php(43): Illuminate\\Container\\BoundMethod::{closure:Illuminate\\Container\\BoundMethod::call():35}()
#15 /home/n0o0b090lv/DEV/LANG/LARAVEL/NOOB_FYI/vendor/laravel/framework/src/Illuminate/Container/BoundMethod.php(96): Illuminate\\Container\\Util::unwrapIfClosure(Object(Closure))
#16 /home/n0o0b090lv/DEV/LANG/LARAVEL/NOOB_FYI/vendor/laravel/framework/src/Illuminate/Container/BoundMethod.php(35): Illuminate\\Container\\BoundMethod::callBoundMethod(Object(Illuminate\\Foundation\\Application), Array, Object(Closure))
#17 /home/n0o0b090lv/DEV/LANG/LARAVEL/NOOB_FYI/vendor/laravel/framework/src/Illuminate/Container/Container.php(803): Illuminate\\Container\\BoundMethod::call(Object(Illuminate\\Foundation\\Application), Array, Array, NULL)
#18 /home/n0o0b090lv/DEV/LANG/LARAVEL/NOOB_FYI/vendor/laravel/framework/src/Illuminate/Console/Command.php(292): Illuminate\\Container\\Container->call(Array)
#19 /home/n0o0b090lv/DEV/LANG/LARAVEL/NOOB_FYI/vendor/symfony/console/Command/Command.php(285): Illuminate\\Console\\Command->execute(Object(Symfony\\Component\\Console\\Input\\ArgvInput), Object(Illuminate\\Console\\OutputStyle))
#20 /home/n0o0b090lv/DEV/LANG/LARAVEL/NOOB_FYI/vendor/laravel/framework/src/Illuminate/Console/Command.php(261): Symfony\\Component\\Console\\Command\\Command->run(Object(Symfony\\Component\\Console\\Input\\ArgvInput), Object(Illuminate\\Console\\OutputStyle))
#21 /home/n0o0b090lv/DEV/LANG/LARAVEL/NOOB_FYI/vendor/symfony/console/Application.php(1144): Illuminate\\Console\\Command->run(Object(Symfony\\Component\\Console\\Input\\ArgvInput), Object(Symfony\\Component\\Console\\Output\\ConsoleOutput))
#22 /home/n0o0b090lv/DEV/LANG/LARAVEL/NOOB_FYI/vendor/symfony/console/Application.php(379): Symfony\\Component\\Console\\Application->doRunCommand(Object(Illuminate\\Queue\\Console\\WorkCommand), Object(Symfony\\Component\\Console\\Input\\ArgvInput), Object(Symfony\\Component\\Console\\Output\\ConsoleOutput))
#23 /home/n0o0b090lv/DEV/LANG/LARAVEL/NOOB_FYI/vendor/symfony/console/Application.php(218): Symfony\\Component\\Console\\Application->doRun(Object(Symfony\\Component\\Console\\Input\\ArgvInput), Object(Symfony\\Component\\Console\\Output\\ConsoleOutput))
#24 /home/n0o0b090lv/DEV/LANG/LARAVEL/NOOB_FYI/vendor/laravel/framework/src/Illuminate/Foundation/Console/Kernel.php(198): Symfony\\Component\\Console\\Application->run(Object(Symfony\\Component\\Console\\Input\\ArgvInput), Object(Symfony\\Component\\Console\\Output\\ConsoleOutput))
#25 /home/n0o0b090lv/DEV/LANG/LARAVEL/NOOB_FYI/vendor/laravel/framework/src/Illuminate/Foundation/Application.php(1242): Illuminate\\Foundation\\Console\\Kernel->handle(Object(Symfony\\Component\\Console\\Input\\ArgvInput), Object(Symfony\\Component\\Console\\Output\\ConsoleOutput))
#26 /home/n0o0b090lv/DEV/LANG/LARAVEL/NOOB_FYI/artisan(16): Illuminate\\Foundation\\Application->handleCommand(Object(Symfony\\Component\\Console\\Input\\ArgvInput))
#27 {main}

[previous exception] [object] (PDOException(code: 1698): SQLSTATE[HY000] [1698] Access denied for user 'root'@'localhost' at /home/n0o0b090lv/DEV/LANG/LARAVEL/NOOB_FYI/vendor/laravel/framework/src/Illuminate/Database/Connectors/Connector.php:67)
[stacktrace]
#0 /home/n0o0b090lv/DEV/LANG/LARAVEL/NOOB_FYI/vendor/laravel/framework/src/Illuminate/Database/Connectors/Connector.php(67): PDO::connect('mysql:host=127....', 'root', Object(SensitiveParameterValue), Array)
#1 /home/n0o0b090lv/DEV/LANG/LARAVEL/NOOB_FYI/vendor/laravel/framework/src/Illuminate/Database/Connectors/Connector.php(44): Illuminate\\Database\\Connectors\\Connector->createPdoConnection('mysql:host=127....', 'root', Object(SensitiveParameterValue), Array)
#2 /home/n0o0b090lv/DEV/LANG/LARAVEL/NOOB_FYI/vendor/laravel/framework/src/Illuminate/Database/Connectors/MySqlConnector.php(24): Illuminate\\Database\\Connectors\\Connector->createConnection('mysql:host=127....', Array, Array)
#3 /home/n0o0b090lv/DEV/LANG/LARAVEL/NOOB_FYI/vendor/laravel/framework/src/Illuminate/Database/Connectors/ConnectionFactory.php(220): Illuminate\\Database\\Connectors\\MySqlConnector->connect(Array)
#4 [internal function]: Illuminate\\Database\\Connectors\\ConnectionFactory->{closure:Illuminate\\Database\\Connectors\\ConnectionFactory::createPdoResolverWithHosts():213}()
#5 /home/n0o0b090lv/DEV/LANG/LARAVEL/NOOB_FYI/vendor/laravel/framework/src/Illuminate/Database/Connection.php(1298): call_user_func(Object(Closure))
#6 /home/n0o0b090lv/DEV/LANG/LARAVEL/NOOB_FYI/vendor/laravel/framework/src/Illuminate/Database/Connection.php(1336): Illuminate\\Database\\Connection->getPdo()
#7 /home/n0o0b090lv/DEV/LANG/LARAVEL/NOOB_FYI/vendor/laravel/framework/src/Illuminate/Database/Connection.php(542): Illuminate\\Database\\Connection->getReadPdo()
#8 /home/n0o0b090lv/DEV/LANG/LARAVEL/NOOB_FYI/vendor/laravel/framework/src/Illuminate/Database/Connection.php(435): Illuminate\\Database\\Connection->getPdoForSelect(true)
#9 /home/n0o0b090lv/DEV/LANG/LARAVEL/NOOB_FYI/vendor/laravel/framework/src/Illuminate/Database/Connection.php(846): Illuminate\\Database\\Connection->{closure:Illuminate\\Database\\Connection::select():426}('select * from `...', Array)
#10 /home/n0o0b090lv/DEV/LANG/LARAVEL/NOOB_FYI/vendor/laravel/framework/src/Illuminate/Database/Connection.php(813): Illuminate\\Database\\Connection->runQueryCallback('select * from `...', Array, Object(Closure))
#11 /home/n0o0b090lv/DEV/LANG/LARAVEL/NOOB_FYI/vendor/laravel/framework/src/Illuminate/Database/Connection.php(426): Illuminate\\Database\\Connection->run('select * from `...', Array, Object(Closure))
#12 /home/n0o0b090lv/DEV/LANG/LARAVEL/NOOB_FYI/vendor/laravel/framework/src/Illuminate/Database/Query/Builder.php(3629): Illuminate\\Database\\Connection->select('select * from `...', Array, true, Array)
#13 /home/n0o0b090lv/DEV/LANG/LARAVEL/NOOB_FYI/vendor/laravel/framework/src/Illuminate/Database/Query/Builder.php(3613): Illuminate\\Database\\Query\\Builder->runSelect()
#14 /home/n0o0b090lv/DEV/LANG/LARAVEL/NOOB_FYI/vendor/laravel/framework/src/Illuminate/Cache/DatabaseStore.php(142): Illuminate\\Database\\Query\\Builder->get()
#15 /home/n0o0b090lv/DEV/LANG/LARAVEL/NOOB_FYI/vendor/laravel/framework/src/Illuminate/Cache/DatabaseStore.php(117): Illuminate\\Cache\\DatabaseStore->many(Array)
#16 /home/n0o0b090lv/DEV/LANG/LARAVEL/NOOB_FYI/vendor/laravel/framework/src/Illuminate/Cache/Repository.php(138): Illuminate\\Cache\\DatabaseStore->get('illuminate:queu...')
#17 /home/n0o0b090lv/DEV/LANG/LARAVEL/NOOB_FYI/vendor/laravel/framework/src/Illuminate/Queue/QueueManager.php(347): Illuminate\\Cache\\Repository->get('illuminate:queu...')
#18 /home/n0o0b090lv/DEV/LANG/LARAVEL/NOOB_FYI/vendor/laravel/framework/src/Illuminate/Queue/Worker.php(509): Illuminate\\Queue\\QueueManager->getPausedQueues('database', Array)
#19 /home/n0o0b090lv/DEV/LANG/LARAVEL/NOOB_FYI/vendor/laravel/framework/src/Illuminate/Queue/Worker.php(466): Illuminate\\Queue\\Worker->getPausedQueues('database', Array)
#20 /home/n0o0b090lv/DEV/LANG/LARAVEL/NOOB_FYI/vendor/laravel/framework/src/Illuminate/Queue/Worker.php(426): Illuminate\\Queue\\Worker->getNextJob(Object(Illuminate\\Queue\\DatabaseQueue), 'default')
#21 /home/n0o0b090lv/DEV/LANG/LARAVEL/NOOB_FYI/vendor/laravel/framework/src/Illuminate/Queue/Console/WorkCommand.php(152): Illuminate\\Queue\\Worker->runNextJob('database', 'default', Object(Illuminate\\Queue\\WorkerOptions))
#22 /home/n0o0b090lv/DEV/LANG/LARAVEL/NOOB_FYI/vendor/laravel/framework/src/Illuminate/Queue/Console/WorkCommand.php(135): Illuminate\\Queue\\Console\\WorkCommand->runWorker('database', 'default')
#23 /home/n0o0b090lv/DEV/LANG/LARAVEL/NOOB_FYI/vendor/laravel/framework/src/Illuminate/Container/BoundMethod.php(36): Illuminate\\Queue\\Console\\WorkCommand->handle()
#24 /home/n0o0b090lv/DEV/LANG/LARAVEL/NOOB_FYI/vendor/laravel/framework/src/Illuminate/Container/Util.php(43): Illuminate\\Container\\BoundMethod::{closure:Illuminate\\Container\\BoundMethod::call():35}()
#25 /home/n0o0b090lv/DEV/LANG/LARAVEL/NOOB_FYI/vendor/laravel/framework/src/Illuminate/Container/BoundMethod.php(96): Illuminate\\Container\\Util::unwrapIfClosure(Object(Closure))
#26 /home/n0o0b090lv/DEV/LANG/LARAVEL/NOOB_FYI/vendor/laravel/framework/src/Illuminate/Container/BoundMethod.php(35): Illuminate\\Container\\BoundMethod::callBoundMethod(Object(Illuminate\\Foundation\\Application), Array, Object(Closure))
#27 /home/n0o0b090lv/DEV/LANG/LARAVEL/NOOB_FYI/vendor/laravel/framework/src/Illuminate/Container/Container.php(803): Illuminate\\Container\\BoundMethod::call(Object(Illuminate\\Foundation\\Application), Array, Array, NULL)
#28 /home/n0o0b090lv/DEV/LANG/LARAVEL/NOOB_FYI/vendor/laravel/framework/src/Illuminate/Console/Command.php(292): Illuminate\\Container\\Container->call(Array)
#29 /home/n0o0b090lv/DEV/LANG/LARAVEL/NOOB_FYI/vendor/symfony/console/Command/Command.php(285): Illuminate\\Console\\Command->execute(Object(Symfony\\Component\\Console\\Input\\ArgvInput), Object(Illuminate\\Console\\OutputStyle))
#30 /home/n0o0b090lv/DEV/LANG/LARAVEL/NOOB_FYI/vendor/laravel/framework/src/Illuminate/Console/Command.php(261): Symfony\\Component\\Console\\Command\\Command->run(Object(Symfony\\Component\\Console\\Input\\ArgvInput), Object(Illuminate\\Console\\OutputStyle))
#31 /home/n0o0b090lv/DEV/LANG/LARAVEL/NOOB_FYI/vendor/symfony/console/Application.php(1144): Illuminate\\Console\\Command->run(Object(Symfony\\Component\\Console\\Input\\ArgvInput), Object(Symfony\\Component\\Console\\Output\\ConsoleOutput))
#32 /home/n0o0b090lv/DEV/LANG/LARAVEL/NOOB_FYI/vendor/symfony/console/Application.php(379): Symfony\\Component\\Console\\Application->doRunCommand(Object(Illuminate\\Queue\\Console\\WorkCommand), Object(Symfony\\Component\\Console\\Input\\ArgvInput), Object(Symfony\\Component\\Console\\Output\\ConsoleOutput))
#33 /home/n0o0b090lv/DEV/LANG/LARAVEL/NOOB_FYI/vendor/symfony/console/Application.php(218): Symfony\\Component\\Console\\Application->doRun(Object(Symfony\\Component\\Console\\Input\\ArgvInput), Object(Symfony\\Component\\Console\\Output\\ConsoleOutput))
#34 /home/n0o0b090lv/DEV/LANG/LARAVEL/NOOB_FYI/vendor/laravel/framework/src/Illuminate/Foundation/Console/Kernel.php(198): Symfony\\Component\\Console\\Application->run(Object(Symfony\\Component\\Console\\Input\\ArgvInput), Object(Symfony\\Component\\Console\\Output\\ConsoleOutput))
#35 /home/n0o0b090lv/DEV/LANG/LARAVEL/NOOB_FYI/vendor/laravel/framework/src/Illuminate/Foundation/Application.php(1242): Illuminate\\Foundation\\Console\\Kernel->handle(Object(Symfony\\Component\\Console\\Input\\ArgvInput), Object(Symfony\\Component\\Console\\Output\\ConsoleOutput))
#36 /home/n0o0b090lv/DEV/LANG/LARAVEL/NOOB_FYI/artisan(16): Illuminate\\Foundation\\Application->handleCommand(Object(Symfony\\Component\\Console\\Input\\ArgvInput))
#37 {main}
"} 
[2026-09-10 11:30:29] local.ERROR: SQLSTATE[HY000] [1698] Access denied for user 'root'@'localhost' (Connection: mariadb, Host: 127.0.0.1, Port: 3306, Database: noob_fyi, SQL: select * from `cache` where `key` in (laravel-cache-illuminate:queues:paused)) {"exception":"[object] (Illuminate\\Database\\QueryException(code: 1698): SQLSTATE[HY000] [1698] Access denied for user 'root'@'localhost' (Connection: mariadb, Host: 127.0.0.1, Port: 3306, Database: noob_fyi, SQL: select * from `cache` where `key` in (laravel-cache-illuminate:queues:paused)) at /home/n0o0b090lv/DEV/LANG/LARAVEL/NOOB_FYI/vendor/laravel/framework/src/Illuminate/Database/Connection.php:857)
[stacktrace]
#0 /home/n0o0b090lv/DEV/LANG/LARAVEL/NOOB_FYI/vendor/laravel/framework/src/Illuminate/Database/Connection.php(813): Illuminate\\Database\\Connection->runQueryCallback('select * from `...', Array, Object(Closure))
#1 /home/n0o0b090lv/DEV/LANG/LARAVEL/NOOB_FYI/vendor/laravel/framework/src/Illuminate/Database/Connection.php(426): Illuminate\\Database\\Connection->run('select * from `...', Array, Object(Closure))
#2 /home/n0o0b090lv/DEV/LANG/LARAVEL/NOOB_FYI/vendor/laravel/framework/src/Illuminate/Database/Query/Builder.php(3629): Illuminate\\Database\\Connection->select('select * from `...', Array, true, Array)
#3 /home/n0o0b090lv/DEV/LANG/LARAVEL/NOOB_FYI/vendor/laravel/framework/src/Illuminate/Database/Query/Builder.php(3613): Illuminate\\Database\\Query\\Builder->runSelect()
#4 /home/n0o0b090lv/DEV/LANG/LARAVEL/NOOB_FYI/vendor/laravel/framework/src/Illuminate/Cache/DatabaseStore.php(142): Illuminate\\Database\\Query\\Builder->get()
#5 /home/n0o0b090lv/DEV/LANG/LARAVEL/NOOB_FYI/vendor/laravel/framework/src/Illuminate/Cache/DatabaseStore.php(117): Illuminate\\Cache\\DatabaseStore->many(Array)
#6 /home/n0o0b090lv/DEV/LANG/LARAVEL/NOOB_FYI/vendor/laravel/framework/src/Illuminate/Cache/Repository.php(138): Illuminate\\Cache\\DatabaseStore->get('illuminate:queu...')
#7 /home/n0o0b090lv/DEV/LANG/LARAVEL/NOOB_FYI/vendor/laravel/framework/src/Illuminate/Queue/QueueManager.php(347): Illuminate\\Cache\\Repository->get('illuminate:queu...')
#8 /home/n0o0b090lv/DEV/LANG/LARAVEL/NOOB_FYI/vendor/laravel/framework/src/Illuminate/Queue/Worker.php(509): Illuminate\\Queue\\QueueManager->getPausedQueues('database', Array)
#9 /home/n0o0b090lv/DEV/LANG/LARAVEL/NOOB_FYI/vendor/laravel/framework/src/Illuminate/Queue/Worker.php(466): Illuminate\\Queue\\Worker->getPausedQueues('database', Array)
#10 /home/n0o0b090lv/DEV/LANG/LARAVEL/NOOB_FYI/vendor/laravel/framework/src/Illuminate/Queue/Worker.php(426): Illuminate\\Queue\\Worker->getNextJob(Object(Illuminate\\Queue\\DatabaseQueue), 'default')
#11 /home/n0o0b090lv/DEV/LANG/LARAVEL/NOOB_FYI/vendor/laravel/framework/src/Illuminate/Queue/Console/WorkCommand.php(152): Illuminate\\Queue\\Worker->runNextJob('database', 'default', Object(Illuminate\\Queue\\WorkerOptions))
#12 /home/n0o0b090lv/DEV/LANG/LARAVEL/NOOB_FYI/vendor/laravel/framework/src/Illuminate/Queue/Console/WorkCommand.php(135): Illuminate\\Queue\\Console\\WorkCommand->runWorker('database', 'default')
#13 /home/n0o0b090lv/DEV/LANG/LARAVEL/NOOB_FYI/vendor/laravel/framework/src/Illuminate/Container/BoundMethod.php(36): Illuminate\\Queue\\Console\\WorkCommand->handle()
#14 /home/n0o0b090lv/DEV/LANG/LARAVEL/NOOB_FYI/vendor/laravel/framework/src/Illuminate/Container/Util.php(43): Illuminate\\Container\\BoundMethod::{closure:Illuminate\\Container\\BoundMethod::call():35}()
#15 /home/n0o0b090lv/DEV/LANG/LARAVEL/NOOB_FYI/vendor/laravel/framework/src/Illuminate/Container/BoundMethod.php(96): Illuminate\\Container\\Util::unwrapIfClosure(Object(Closure))
#16 /home/n0o0b090lv/DEV/LANG/LARAVEL/NOOB_FYI/vendor/laravel/framework/src/Illuminate/Container/BoundMethod.php(35): Illuminate\\Container\\BoundMethod::callBoundMethod(Object(Illuminate\\Foundation\\Application), Array, Object(Closure))
#17 /home/n0o0b090lv/DEV/LANG/LARAVEL/NOOB_FYI/vendor/laravel/framework/src/Illuminate/Container/Container.php(803): Illuminate\\Container\\BoundMethod::call(Object(Illuminate\\Foundation\\Application), Array, Array, NULL)
#18 /home/n0o0b090lv/DEV/LANG/LARAVEL/NOOB_FYI/vendor/laravel/framework/src/Illuminate/Console/Command.php(292): Illuminate\\Container\\Container->call(Array)
#19 /home/n0o0b090lv/DEV/LANG/LARAVEL/NOOB_FYI/vendor/symfony/console/Command/Command.php(285): Illuminate\\Console\\Command->execute(Object(Symfony\\Component\\Console\\Input\\ArgvInput), Object(Illuminate\\Console\\OutputStyle))
#20 /home/n0o0b090lv/DEV/LANG/LARAVEL/NOOB_FYI/vendor/laravel/framework/src/Illuminate/Console/Command.php(261): Symfony\\Component\\Console\\Command\\Command->run(Object(Symfony\\Component\\Console\\Input\\ArgvInput), Object(Illuminate\\Console\\OutputStyle))
#21 /home/n0o0b090lv/DEV/LANG/LARAVEL/NOOB_FYI/vendor/symfony/console/Application.php(1144): Illuminate\\Console\\Command->run(Object(Symfony\\Component\\Console\\Input\\ArgvInput), Object(Symfony\\Component\\Console\\Output\\ConsoleOutput))
#22 /home/n0o0b090lv/DEV/LANG/LARAVEL/NOOB_FYI/vendor/symfony/console/Application.php(379): Symfony\\Component\\Console\\Application->doRunCommand(Object(Illuminate\\Queue\\Console\\WorkCommand), Object(Symfony\\Component\\Console\\Input\\ArgvInput), Object(Symfony\\Component\\Console\\Output\\ConsoleOutput))
#23 /home/n0o0b090lv/DEV/LANG/LARAVEL/NOOB_FYI/vendor/symfony/console/Application.php(218): Symfony\\Component\\Console\\Application->doRun(Object(Symfony\\Component\\Console\\Input\\ArgvInput), Object(Symfony\\Component\\Console\\Output\\ConsoleOutput))
#24 /home/n0o0b090lv/DEV/LANG/LARAVEL/NOOB_FYI/vendor/laravel/framework/src/Illuminate/Foundation/Console/Kernel.php(198): Symfony\\Component\\Console\\Application->run(Object(Symfony\\Component\\Console\\Input\\ArgvInput), Object(Symfony\\Component\\Console\\Output\\ConsoleOutput))
#25 /home/n0o0b090lv/DEV/LANG/LARAVEL/NOOB_FYI/vendor/laravel/framework/src/Illuminate/Foundation/Application.php(1242): Illuminate\\Foundation\\Console\\Kernel->handle(Object(Symfony\\Component\\Console\\Input\\ArgvInput), Object(Symfony\\Component\\Console\\Output\\ConsoleOutput))
#26 /home/n0o0b090lv/DEV/LANG/LARAVEL/NOOB_FYI/artisan(16): Illuminate\\Foundation\\Application->handleCommand(Object(Symfony\\Component\\Console\\Input\\ArgvInput))
#27 {main}

[previous exception] [object] (PDOException(code: 1698): SQLSTATE[HY000] [1698] Access denied for user 'root'@'localhost' at /home/n0o0b090lv/DEV/LANG/LARAVEL/NOOB_FYI/vendor/laravel/framework/src/Illuminate/Database/Connectors/Connector.php:67)
[stacktrace]
#0 /home/n0o0b090lv/DEV/LANG/LARAVEL/NOOB_FYI/vendor/laravel/framework/src/Illuminate/Database/Connectors/Connector.php(67): PDO::connect('mysql:host=127....', 'root', Object(SensitiveParameterValue), Array)
#1 /home/n0o0b090lv/DEV/LANG/LARAVEL/NOOB_FYI/vendor/laravel/framework/src/Illuminate/Database/Connectors/Connector.php(44): Illuminate\\Database\\Connectors\\Connector->createPdoConnection('mysql:host=127....', 'root', Object(SensitiveParameterValue), Array)
#2 /home/n0o0b090lv/DEV/LANG/LARAVEL/NOOB_FYI/vendor/laravel/framework/src/Illuminate/Database/Connectors/MySqlConnector.php(24): Illuminate\\Database\\Connectors\\Connector->createConnection('mysql:host=127....', Array, Array)
#3 /home/n0o0b090lv/DEV/LANG/LARAVEL/NOOB_FYI/vendor/laravel/framework/src/Illuminate/Database/Connectors/ConnectionFactory.php(220): Illuminate\\Database\\Connectors\\MySqlConnector->connect(Array)
#4 [internal function]: Illuminate\\Database\\Connectors\\ConnectionFactory->{closure:Illuminate\\Database\\Connectors\\ConnectionFactory::createPdoResolverWithHosts():213}()
#5 /home/n0o0b090lv/DEV/LANG/LARAVEL/NOOB_FYI/vendor/laravel/framework/src/Illuminate/Database/Connection.php(1298): call_user_func(Object(Closure))
#6 /home/n0o0b090lv/DEV/LANG/LARAVEL/NOOB_FYI/vendor/laravel/framework/src/Illuminate/Database/Connection.php(1336): Illuminate\\Database\\Connection->getPdo()
#7 /home/n0o0b090lv/DEV/LANG/LARAVEL/NOOB_FYI/vendor/laravel/framework/src/Illuminate/Database/Connection.php(542): Illuminate\\Database\\Connection->getReadPdo()
#8 /home/n0o0b090lv/DEV/LANG/LARAVEL/NOOB_FYI/vendor/laravel/framework/src/Illuminate/Database/Connection.php(435): Illuminate\\Database\\Connection->getPdoForSelect(true)
#9 /home/n0o0b090lv/DEV/LANG/LARAVEL/NOOB_FYI/vendor/laravel/framework/src/Illuminate/Database/Connection.php(846): Illuminate\\Database\\Connection->{closure:Illuminate\\Database\\Connection::select():426}('select * from `...', Array)
#10 /home/n0o0b090lv/DEV/LANG/LARAVEL/NOOB_FYI/vendor/laravel/framework/src/Illuminate/Database/Connection.php(813): Illuminate\\Database\\Connection->runQueryCallback('select * from `...', Array, Object(Closure))
#11 /home/n0o0b090lv/DEV/LANG/LARAVEL/NOOB_FYI/vendor/laravel/framework/src/Illuminate/Database/Connection.php(426): Illuminate\\Database\\Connection->run('select * from `...', Array, Object(Closure))
#12 /home/n0o0b090lv/DEV/LANG/LARAVEL/NOOB_FYI/vendor/laravel/framework/src/Illuminate/Database/Query/Builder.php(3629): Illuminate\\Database\\Connection->select('select * from `...', Array, true, Array)
#13 /home/n0o0b090lv/DEV/LANG/LARAVEL/NOOB_FYI/vendor/laravel/framework/src/Illuminate/Database/Query/Builder.php(3613): Illuminate\\Database\\Query\\Builder->runSelect()
#14 /home/n0o0b090lv/DEV/LANG/LARAVEL/NOOB_FYI/vendor/laravel/framework/src/Illuminate/Cache/DatabaseStore.php(142): Illuminate\\Database\\Query\\Builder->get()
#15 /home/n0o0b090lv/DEV/LANG/LARAVEL/NOOB_FYI/vendor/laravel/framework/src/Illuminate/Cache/DatabaseStore.php(117): Illuminate\\Cache\\DatabaseStore->many(Array)
#16 /home/n0o0b090lv/DEV/LANG/LARAVEL/NOOB_FYI/vendor/laravel/framework/src/Illuminate/Cache/Repository.php(138): Illuminate\\Cache\\DatabaseStore->get('illuminate:queu...')
#17 /home/n0o0b090lv/DEV/LANG/LARAVEL/NOOB_FYI/vendor/laravel/framework/src/Illuminate/Queue/QueueManager.php(347): Illuminate\\Cache\\Repository->get('illuminate:queu...')
#18 /home/n0o0b090lv/DEV/LANG/LARAVEL/NOOB_FYI/vendor/laravel/framework/src/Illuminate/Queue/Worker.php(509): Illuminate\\Queue\\QueueManager->getPausedQueues('database', Array)
#19 /home/n0o0b090lv/DEV/LANG/LARAVEL/NOOB_FYI/vendor/laravel/framework/src/Illuminate/Queue/Worker.php(466): Illuminate\\Queue\\Worker->getPausedQueues('database', Array)
#20 /home/n0o0b090lv/DEV/LANG/LARAVEL/NOOB_FYI/vendor/laravel/framework/src/Illuminate/Queue/Worker.php(426): Illuminate\\Queue\\Worker->getNextJob(Object(Illuminate\\Queue\\DatabaseQueue), 'default')
#21 /home/n0o0b090lv/DEV/LANG/LARAVEL/NOOB_FYI/vendor/laravel/framework/src/Illuminate/Queue/Console/WorkCommand.php(152): Illuminate\\Queue\\Worker->runNextJob('database', 'default', Object(Illuminate\\Queue\\WorkerOptions))
#22 /home/n0o0b090lv/DEV/LANG/LARAVEL/NOOB_FYI/vendor/laravel/framework/src/Illuminate/Queue/Console/WorkCommand.php(135): Illuminate\\Queue\\Console\\WorkCommand->runWorker('database', 'default')
#23 /home/n0o0b090lv/DEV/LANG/LARAVEL/NOOB_FYI/vendor/laravel/framework/src/Illuminate/Container/BoundMethod.php(36): Illuminate\\Queue\\Console\\WorkCommand->handle()
#24 /home/n0o0b090lv/DEV/LANG/LARAVEL/NOOB_FYI/vendor/laravel/framework/src/Illuminate/Container/Util.php(43): Illuminate\\Container\\BoundMethod::{closure:Illuminate\\Container\\BoundMethod::call():35}()
#25 /home/n0o0b090lv/DEV/LANG/LARAVEL/NOOB_FYI/vendor/laravel/framework/src/Illuminate/Container/BoundMethod.php(96): Illuminate\\Container\\Util::unwrapIfClosure(Object(Closure))
#26 /home/n0o0b090lv/DEV/LANG/LARAVEL/NOOB_FYI/vendor/laravel/framework/src/Illuminate/Container/BoundMethod.php(35): Illuminate\\Container\\BoundMethod::callBoundMethod(Object(Illuminate\\Foundation\\Application), Array, Object(Closure))
#27 /home/n0o0b090lv/DEV/LANG/LARAVEL/NOOB_FYI/vendor/laravel/framework/src/Illuminate/Container/Container.php(803): Illuminate\\Container\\BoundMethod::call(Object(Illuminate\\Foundation\\Application), Array, Array, NULL)
#28 /home/n0o0b090lv/DEV/LANG/LARAVEL/NOOB_FYI/vendor/laravel/framework/src/Illuminate/Console/Command.php(292): Illuminate\\Container\\Container->call(Array)
#29 /home/n0o0b090lv/DEV/LANG/LARAVEL/NOOB_FYI/vendor/symfony/console/Command/Command.php(285): Illuminate\\Console\\Command->execute(Object(Symfony\\Component\\Console\\Input\\ArgvInput), Object(Illuminate\\Console\\OutputStyle))
#30 /home/n0o0b090lv/DEV/LANG/LARAVEL/NOOB_FYI/vendor/laravel/framework/src/Illuminate/Console/Command.php(261): Symfony\\Component\\Console\\Command\\Command->run(Object(Symfony\\Component\\Console\\Input\\ArgvInput), Object(Illuminate\\Console\\OutputStyle))
#31 /home/n0o0b090lv/DEV/LANG/LARAVEL/NOOB_FYI/vendor/symfony/console/Application.php(1144): Illuminate\\Console\\Command->run(Object(Symfony\\Component\\Console\\Input\\ArgvInput), Object(Symfony\\Component\\Console\\Output\\ConsoleOutput))
#32 /home/n0o0b090lv/DEV/LANG/LARAVEL/NOOB_FYI/vendor/symfony/console/Application.php(379): Symfony\\Component\\Console\\Application->doRunCommand(Object(Illuminate\\Queue\\Console\\WorkCommand), Object(Symfony\\Component\\Console\\Input\\ArgvInput), Object(Symfony\\Component\\Console\\Output\\ConsoleOutput))
#33 /home/n0o0b090lv/DEV/LANG/LARAVEL/NOOB_FYI/vendor/symfony/console/Application.php(218): Symfony\\Component\\Console\\Application->doRun(Object(Symfony\\Component\\Console\\Input\\ArgvInput), Object(Symfony\\Component\\Console\\Output\\ConsoleOutput))
#34 /home/n0o0b090lv/DEV/LANG/LARAVEL/NOOB_FYI/vendor/laravel/framework/src/Illuminate/Foundation/Console/Kernel.php(198): Symfony\\Component\\Console\\Application->run(Object(Symfony\\Component\\Console\\Input\\ArgvInput), Object(Symfony\\Component\\Console\\Output\\ConsoleOutput))
#35 /home/n0o0b090lv/DEV/LANG/LARAVEL/NOOB_FYI/vendor/laravel/framework/src/Illuminate/Foundation/Application.php(1242): Illuminate\\Foundation\\Console\\Kernel->handle(Object(Symfony\\Component\\Console\\Input\\ArgvInput), Object(Symfony\\Component\\Console\\Output\\ConsoleOutput))
#36 /home/n0o0b090lv/DEV/LANG/LARAVEL/NOOB_FYI/artisan(16): Illuminate\\Foundation\\Application->handleCommand(Object(Symfony\\Component\\Console\\Input\\ArgvInput))
#37 {main}
"} 
[2026-09-10 11:30:31] local.ERROR: SQLSTATE[HY000] [1698] Access denied for user 'root'@'localhost' (Connection: mariadb, Host: 127.0.0.1, Port: 3306, Database: noob_fyi, SQL: select * from `sessions` where `id` = UhoqzDErAhHufgVP2dblULiOnTnBKHg0FmrL0AZS limit 1) {"exception":"[object] (Illuminate\\Database\\QueryException(code: 1698): SQLSTATE[HY000] [1698] Access denied for user 'root'@'localhost' (Connection: mariadb, Host: 127.0.0.1, Port: 3306, Database: noob_fyi, SQL: select * from `sessions` where `id` = UhoqzDErAhHufgVP2dblULiOnTnBKHg0FmrL0AZS limit 1) at /home/n0o0b090lv/DEV/LANG/LARAVEL/NOOB_FYI/vendor/laravel/framework/src/Illuminate/Database/Connection.php:857)
[stacktrace]
#0 /home/n0o0b090lv/DEV/LANG/LARAVEL/NOOB_FYI/vendor/laravel/framework/src/Illuminate/Database/Connection.php(813): Illuminate\\Database\\Connection->runQueryCallback('select * from `...', Array, Object(Closure))
#1 /home/n0o0b090lv/DEV/LANG/LARAVEL/NOOB_FYI/vendor/laravel/framework/src/Illuminate/Database/Connection.php(426): Illuminate\\Database\\Connection->run('select * from `...', Array, Object(Closure))
#2 /home/n0o0b090lv/DEV/LANG/LARAVEL/NOOB_FYI/vendor/laravel/framework/src/Illuminate/Database/Query/Builder.php(3629): Illuminate\\Database\\Connection->select('select * from `...', Array, false, Array)
#3 /home/n0o0b090lv/DEV/LANG/LARAVEL/NOOB_FYI/vendor/laravel/framework/src/Illuminate/Database/Query/Builder.php(3613): Illuminate\\Database\\Query\\Builder->runSelect()
#4 /home/n0o0b090lv/DEV/LANG/LARAVEL/NOOB_FYI/vendor/laravel/framework/src/Illuminate/Database/Concerns/BuildsQueries.php(408): Illuminate\\Database\\Query\\Builder->get(Array)
#5 /home/n0o0b090lv/DEV/LANG/LARAVEL/NOOB_FYI/vendor/laravel/framework/src/Illuminate/Database/Query/Builder.php(3531): Illuminate\\Database\\Query\\Builder->first(Array)
#6 /home/n0o0b090lv/DEV/LANG/LARAVEL/NOOB_FYI/vendor/laravel/framework/src/Illuminate/Session/DatabaseSessionHandler.php(96): Illuminate\\Database\\Query\\Builder->find('UhoqzDErAhHufgV...')
#7 /home/n0o0b090lv/DEV/LANG/LARAVEL/NOOB_FYI/vendor/laravel/framework/src/Illuminate/Session/Store.php(128): Illuminate\\Session\\DatabaseSessionHandler->read('UhoqzDErAhHufgV...')
#8 /home/n0o0b090lv/DEV/LANG/LARAVEL/NOOB_FYI/vendor/laravel/framework/src/Illuminate/Session/Store.php(116): Illuminate\\Session\\Store->readFromHandler()
#9 /home/n0o0b090lv/DEV/LANG/LARAVEL/NOOB_FYI/vendor/laravel/framework/src/Illuminate/Session/Store.php(100): Illuminate\\Session\\Store->loadSession()
#10 /home/n0o0b090lv/DEV/LANG/LARAVEL/NOOB_FYI/vendor/laravel/framework/src/Illuminate/Session/Middleware/StartSession.php(146): Illuminate\\Session\\Store->start()
#11 /home/n0o0b090lv/DEV/LANG/LARAVEL/NOOB_FYI/vendor/laravel/framework/src/Illuminate/Support/helpers.php(393): Illuminate\\Session\\Middleware\\StartSession->{closure:Illuminate\\Session\\Middleware\\StartSession::startSession():143}(Object(Illuminate\\Session\\Store))
#12 /home/n0o0b090lv/DEV/LANG/LARAVEL/NOOB_FYI/vendor/laravel/framework/src/Illuminate/Session/Middleware/StartSession.php(143): tap(Object(Illuminate\\Session\\Store), Object(Closure))
#13 /home/n0o0b090lv/DEV/LANG/LARAVEL/NOOB_FYI/vendor/laravel/framework/src/Illuminate/Session/Middleware/StartSession.php(115): Illuminate\\Session\\Middleware\\StartSession->startSession(Object(Illuminate\\Http\\Request), Object(Illuminate\\Session\\Store))
#14 /home/n0o0b090lv/DEV/LANG/LARAVEL/NOOB_FYI/vendor/laravel/framework/src/Illuminate/Session/Middleware/StartSession.php(63): Illuminate\\Session\\Middleware\\StartSession->handleStatefulRequest(Object(Illuminate\\Http\\Request), Object(Illuminate\\Session\\Store), Object(Closure))
#15 /home/n0o0b090lv/DEV/LANG/LARAVEL/NOOB_FYI/vendor/laravel/framework/src/Illuminate/Pipeline/Pipeline.php(219): Illuminate\\Session\\Middleware\\StartSession->handle(Object(Illuminate\\Http\\Request), Object(Closure))
#16 /home/n0o0b090lv/DEV/LANG/LARAVEL/NOOB_FYI/vendor/laravel/framework/src/Illuminate/Cookie/Middleware/AddQueuedCookiesToResponse.php(36): Illuminate\\Pipeline\\Pipeline->{closure:{closure:Illuminate\\Pipeline\\Pipeline::carry():194}:195}(Object(Illuminate\\Http\\Request))
#17 /home/n0o0b090lv/DEV/LANG/LARAVEL/NOOB_FYI/vendor/laravel/framework/src/Illuminate/Pipeline/Pipeline.php(219): Illuminate\\Cookie\\Middleware\\AddQueuedCookiesToResponse->handle(Object(Illuminate\\Http\\Request), Object(Closure))
#18 /home/n0o0b090lv/DEV/LANG/LARAVEL/NOOB_FYI/vendor/laravel/framework/src/Illuminate/Cookie/Middleware/EncryptCookies.php(74): Illuminate\\Pipeline\\Pipeline->{closure:{closure:Illuminate\\Pipeline\\Pipeline::carry():194}:195}(Object(Illuminate\\Http\\Request))
#19 /home/n0o0b090lv/DEV/LANG/LARAVEL/NOOB_FYI/vendor/laravel/framework/src/Illuminate/Pipeline/Pipeline.php(219): Illuminate\\Cookie\\Middleware\\EncryptCookies->handle(Object(Illuminate\\Http\\Request), Object(Closure))
#20 /home/n0o0b090lv/DEV/LANG/LARAVEL/NOOB_FYI/vendor/laravel/framework/src/Illuminate/Pipeline/Pipeline.php(137): Illuminate\\Pipeline\\Pipeline->{closure:{closure:Illuminate\\Pipeline\\Pipeline::carry():194}:195}(Object(Illuminate\\Http\\Request))
#21 /home/n0o0b090lv/DEV/LANG/LARAVEL/NOOB_FYI/vendor/laravel/framework/src/Illuminate/Routing/Router.php(821): Illuminate\\Pipeline\\Pipeline->then(Object(Closure))
#22 /home/n0o0b090lv/DEV/LANG/LARAVEL/NOOB_FYI/vendor/laravel/framework/src/Illuminate/Routing/Router.php(800): Illuminate\\Routing\\Router->runRouteWithinStack(Object(Illuminate\\Routing\\Route), Object(Illuminate\\Http\\Request))
#23 /home/n0o0b090lv/DEV/LANG/LARAVEL/NOOB_FYI/vendor/laravel/framework/src/Illuminate/Routing/Router.php(764): Illuminate\\Routing\\Router->runRoute(Object(Illuminate\\Http\\Request), Object(Illuminate\\Routing\\Route))
#24 /home/n0o0b090lv/DEV/LANG/LARAVEL/NOOB_FYI/vendor/laravel/framework/src/Illuminate/Routing/Router.php(753): Illuminate\\Routing\\Router->dispatchToRoute(Object(Illuminate\\Http\\Request))
#25 /home/n0o0b090lv/DEV/LANG/LARAVEL/NOOB_FYI/vendor/laravel/framework/src/Illuminate/Foundation/Http/Kernel.php(200): Illuminate\\Routing\\Router->dispatch(Object(Illuminate\\Http\\Request))
#26 /home/n0o0b090lv/DEV/LANG/LARAVEL/NOOB_FYI/vendor/laravel/framework/src/Illuminate/Pipeline/Pipeline.php(180): Illuminate\\Foundation\\Http\\Kernel->{closure:Illuminate\\Foundation\\Http\\Kernel::dispatchToRouter():197}(Object(Illuminate\\Http\\Request))
#27 /home/n0o0b090lv/DEV/LANG/LARAVEL/NOOB_FYI/vendor/laravel/framework/src/Illuminate/Foundation/Http/Middleware/TransformsRequest.php(21): Illuminate\\Pipeline\\Pipeline->{closure:Illuminate\\Pipeline\\Pipeline::prepareDestination():178}(Object(Illuminate\\Http\\Request))
#28 /home/n0o0b090lv/DEV/LANG/LARAVEL/NOOB_FYI/vendor/laravel/framework/src/Illuminate/Foundation/Http/Middleware/ConvertEmptyStringsToNull.php(31): Illuminate\\Foundation\\Http\\Middleware\\TransformsRequest->handle(Object(Illuminate\\Http\\Request), Object(Closure))
#29 /home/n0o0b090lv/DEV/LANG/LARAVEL/NOOB_FYI/vendor/laravel/framework/src/Illuminate/Pipeline/Pipeline.php(219): Illuminate\\Foundation\\Http\\Middleware\\ConvertEmptyStringsToNull->handle(Object(Illuminate\\Http\\Request), Object(Closure))
#30 /home/n0o0b090lv/DEV/LANG/LARAVEL/NOOB_FYI/vendor/laravel/framework/src/Illuminate/Foundation/Http/Middleware/TransformsRequest.php(21): Illuminate\\Pipeline\\Pipeline->{closure:{closure:Illuminate\\Pipeline\\Pipeline::carry():194}:195}(Object(Illuminate\\Http\\Request))
#31 /home/n0o0b090lv/DEV/LANG/LARAVEL/NOOB_FYI/vendor/laravel/framework/src/Illuminate/Foundation/Http/Middleware/TrimStrings.php(51): Illuminate\\Foundation\\Http\\Middleware\\TransformsRequest->handle(Object(Illuminate\\Http\\Request), Object(Closure))
#32 /home/n0o0b090lv/DEV/LANG/LARAVEL/NOOB_FYI/vendor/laravel/framework/src/Illuminate/Pipeline/Pipeline.php(219): Illuminate\\Foundation\\Http\\Middleware\\TrimStrings->handle(Object(Illuminate\\Http\\Request), Object(Closure))
#33 /home/n0o0b090lv/DEV/LANG/LARAVEL/NOOB_FYI/vendor/laravel/framework/src/Illuminate/Http/Middleware/ValidatePostSize.php(27): Illuminate\\Pipeline\\Pipeline->{closure:{closure:Illuminate\\Pipeline\\Pipeline::carry():194}:195}(Object(Illuminate\\Http\\Request))
#34 /home/n0o0b090lv/DEV/LANG/LARAVEL/NOOB_FYI/vendor/laravel/framework/src/Illuminate/Pipeline/Pipeline.php(219): Illuminate\\Http\\Middleware\\ValidatePostSize->handle(Object(Illuminate\\Http\\Request), Object(Closure))
#35 /home/n0o0b090lv/DEV/LANG/LARAVEL/NOOB_FYI/vendor/laravel/framework/src/Illuminate/Foundation/Http/Middleware/PreventRequestsDuringMaintenance.php(110): Illuminate\\Pipeline\\Pipeline->{closure:{closure:Illuminate\\Pipeline\\Pipeline::carry():194}:195}(Object(Illuminate\\Http\\Request))
#36 /home/n0o0b090lv/DEV/LANG/LARAVEL/NOOB_FYI/vendor/laravel/framework/src/Illuminate/Pipeline/Pipeline.php(219): Illuminate\\Foundation\\Http\\Middleware\\PreventRequestsDuringMaintenance->handle(Object(Illuminate\\Http\\Request), Object(Closure))
#37 /home/n0o0b090lv/DEV/LANG/LARAVEL/NOOB_FYI/vendor/laravel/framework/src/Illuminate/Http/Middleware/HandleCors.php(61): Illuminate\\Pipeline\\Pipeline->{closure:{closure:Illuminate\\Pipeline\\Pipeline::carry():194}:195}(Object(Illuminate\\Http\\Request))
#38 /home/n0o0b090lv/DEV/LANG/LARAVEL/NOOB_FYI/vendor/laravel/framework/src/Illuminate/Pipeline/Pipeline.php(219): Illuminate\\Http\\Middleware\\HandleCors->handle(Object(Illuminate\\Http\\Request), Object(Closure))
#39 /home/n0o0b090lv/DEV/LANG/LARAVEL/NOOB_FYI/vendor/laravel/framework/src/Illuminate/Http/Middleware/TrustProxies.php(58): Illuminate\\Pipeline\\Pipeline->{closure:{closure:Illuminate\\Pipeline\\Pipeline::carry():194}:195}(Object(Illuminate\\Http\\Request))
#40 /home/n0o0b090lv/DEV/LANG/LARAVEL/NOOB_FYI/vendor/laravel/framework/src/Illuminate/Pipeline/Pipeline.php(219): Illuminate\\Http\\Middleware\\TrustProxies->handle(Object(Illuminate\\Http\\Request), Object(Closure))
#41 /home/n0o0b090lv/DEV/LANG/LARAVEL/NOOB_FYI/vendor/laravel/framework/src/Illuminate/Foundation/Http/Middleware/InvokeDeferredCallbacks.php(22): Illuminate\\Pipeline\\Pipeline->{closure:{closure:Illuminate\\Pipeline\\Pipeline::carry():194}:195}(Object(Illuminate\\Http\\Request))
#42 /home/n0o0b090lv/DEV/LANG/LARAVEL/NOOB_FYI/vendor/laravel/framework/src/Illuminate/Pipeline/Pipeline.php(219): Illuminate\\Foundation\\Http\\Middleware\\InvokeDeferredCallbacks->handle(Object(Illuminate\\Http\\Request), Object(Closure))
#43 /home/n0o0b090lv/DEV/LANG/LARAVEL/NOOB_FYI/vendor/laravel/framework/src/Illuminate/Http/Middleware/ValidatePathEncoding.php(28): Illuminate\\Pipeline\\Pipeline->{closure:{closure:Illuminate\\Pipeline\\Pipeline::carry():194}:195}(Object(Illuminate\\Http\\Request))
#44 /home/n0o0b090lv/DEV/LANG/LARAVEL/NOOB_FYI/vendor/laravel/framework/src/Illuminate/Pipeline/Pipeline.php(219): Illuminate\\Http\\Middleware\\ValidatePathEncoding->handle(Object(Illuminate\\Http\\Request), Object(Closure))
#45 /home/n0o0b090lv/DEV/LANG/LARAVEL/NOOB_FYI/vendor/laravel/framework/src/Illuminate/Pipeline/Pipeline.php(137): Illuminate\\Pipeline\\Pipeline->{closure:{closure:Illuminate\\Pipeline\\Pipeline::carry():194}:195}(Object(Illuminate\\Http\\Request))
#46 /home/n0o0b090lv/DEV/LANG/LARAVEL/NOOB_FYI/vendor/laravel/framework/src/Illuminate/Foundation/Http/Kernel.php(175): Illuminate\\Pipeline\\Pipeline->then(Object(Closure))
#47 /home/n0o0b090lv/DEV/LANG/LARAVEL/NOOB_FYI/vendor/laravel/framework/src/Illuminate/Foundation/Http/Kernel.php(144): Illuminate\\Foundation\\Http\\Kernel->sendRequestThroughRouter(Object(Illuminate\\Http\\Request))
#48 /home/n0o0b090lv/DEV/LANG/LARAVEL/NOOB_FYI/vendor/laravel/framework/src/Illuminate/Foundation/Application.php(1227): Illuminate\\Foundation\\Http\\Kernel->handle(Object(Illuminate\\Http\\Request))
#49 /home/n0o0b090lv/DEV/LANG/LARAVEL/NOOB_FYI/public/index.php(20): Illuminate\\Foundation\\Application->handleRequest(Object(Illuminate\\Http\\Request))
#50 /home/n0o0b090lv/DEV/LANG/LARAVEL/NOOB_FYI/vendor/laravel/framework/src/Illuminate/Foundation/resources/server.php(23): require_once('/home/n0o0b090l...')
#51 {main}

[previous exception] [object] (PDOException(code: 1698): SQLSTATE[HY000] [1698] Access denied for user 'root'@'localhost' at /home/n0o0b090lv/DEV/LANG/LARAVEL/NOOB_FYI/vendor/laravel/framework/src/Illuminate/Database/Connectors/Connector.php:67)
[stacktrace]
#0 /home/n0o0b090lv/DEV/LANG/LARAVEL/NOOB_FYI/vendor/laravel/framework/src/Illuminate/Database/Connectors/Connector.php(67): PDO::connect('mysql:host=127....', 'root', Object(SensitiveParameterValue), Array)
#1 /home/n0o0b090lv/DEV/LANG/LARAVEL/NOOB_FYI/vendor/laravel/framework/src/Illuminate/Database/Connectors/Connector.php(44): Illuminate\\Database\\Connectors\\Connector->createPdoConnection('mysql:host=127....', 'root', Object(SensitiveParameterValue), Array)
#2 /home/n0o0b090lv/DEV/LANG/LARAVEL/NOOB_FYI/vendor/laravel/framework/src/Illuminate/Database/Connectors/MySqlConnector.php(24): Illuminate\\Database\\Connectors\\Connector->createConnection('mysql:host=127....', Array, Array)
#3 /home/n0o0b090lv/DEV/LANG/LARAVEL/NOOB_FYI/vendor/laravel/framework/src/Illuminate/Database/Connectors/ConnectionFactory.php(220): Illuminate\\Database\\Connectors\\MySqlConnector->connect(Array)
#4 [internal function]: Illuminate\\Database\\Connectors\\ConnectionFactory->{closure:Illuminate\\Database\\Connectors\\ConnectionFactory::createPdoResolverWithHosts():213}()
#5 /home/n0o0b090lv/DEV/LANG/LARAVEL/NOOB_FYI/vendor/laravel/framework/src/Illuminate/Database/Connection.php(1298): call_user_func(Object(Closure))
#6 /home/n0o0b090lv/DEV/LANG/LARAVEL/NOOB_FYI/vendor/laravel/framework/src/Illuminate/Database/Connection.php(542): Illuminate\\Database\\Connection->getPdo()
#7 /home/n0o0b090lv/DEV/LANG/LARAVEL/NOOB_FYI/vendor/laravel/framework/src/Illuminate/Database/Connection.php(435): Illuminate\\Database\\Connection->getPdoForSelect(false)
#8 /home/n0o0b090lv/DEV/LANG/LARAVEL/NOOB_FYI/vendor/laravel/framework/src/Illuminate/Database/Connection.php(846): Illuminate\\Database\\Connection->{closure:Illuminate\\Database\\Connection::select():426}('select * from `...', Array)
#9 /home/n0o0b090lv/DEV/LANG/LARAVEL/NOOB_FYI/vendor/laravel/framework/src/Illuminate/Database/Connection.php(813): Illuminate\\Database\\Connection->runQueryCallback('select * from `...', Array, Object(Closure))
#10 /home/n0o0b090lv/DEV/LANG/LARAVEL/NOOB_FYI/vendor/laravel/framework/src/Illuminate/Database/Connection.php(426): Illuminate\\Database\\Connection->run('select * from `...', Array, Object(Closure))
#11 /home/n0o0b090lv/DEV/LANG/LARAVEL/NOOB_FYI/vendor/laravel/framework/src/Illuminate/Database/Query/Builder.php(3629): Illuminate\\Database\\Connection->select('select * from `...', Array, false, Array)
#12 /home/n0o0b090lv/DEV/LANG/LARAVEL/NOOB_FYI/vendor/laravel/framework/src/Illuminate/Database/Query/Builder.php(3613): Illuminate\\Database\\Query\\Builder->runSelect()
#13 /home/n0o0b090lv/DEV/LANG/LARAVEL/NOOB_FYI/vendor/laravel/framework/src/Illuminate/Database/Concerns/BuildsQueries.php(408): Illuminate\\Database\\Query\\Builder->get(Array)
#14 /home/n0o0b090lv/DEV/LANG/LARAVEL/NOOB_FYI/vendor/laravel/framework/src/Illuminate/Database/Query/Builder.php(3531): Illuminate\\Database\\Query\\Builder->first(Array)
#15 /home/n0o0b090lv/DEV/LANG/LARAVEL/NOOB_FYI/vendor/laravel/framework/src/Illuminate/Session/DatabaseSessionHandler.php(96): Illuminate\\Database\\Query\\Builder->find('UhoqzDErAhHufgV...')
#16 /home/n0o0b090lv/DEV/LANG/LARAVEL/NOOB_FYI/vendor/laravel/framework/src/Illuminate/Session/Store.php(128): Illuminate\\Session\\DatabaseSessionHandler->read('UhoqzDErAhHufgV...')
#17 /home/n0o0b090lv/DEV/LANG/LARAVEL/NOOB_FYI/vendor/laravel/framework/src/Illuminate/Session/Store.php(116): Illuminate\\Session\\Store->readFromHandler()
#18 /home/n0o0b090lv/DEV/LANG/LARAVEL/NOOB_FYI/vendor/laravel/framework/src/Illuminate/Session/Store.php(100): Illuminate\\Session\\Store->loadSession()
#19 /home/n0o0b090lv/DEV/LANG/LARAVEL/NOOB_FYI/vendor/laravel/framework/src/Illuminate/Session/Middleware/StartSession.php(146): Illuminate\\Session\\Store->start()
#20 /home/n0o0b090lv/DEV/LANG/LARAVEL/NOOB_FYI/vendor/laravel/framework/src/Illuminate/Support/helpers.php(393): Illuminate\\Session\\Middleware\\StartSession->{closure:Illuminate\\Session\\Middleware\\StartSession::startSession():143}(Object(Illuminate\\Session\\Store))
#21 /home/n0o0b090lv/DEV/LANG/LARAVEL/NOOB_FYI/vendor/laravel/framework/src/Illuminate/Session/Middleware/StartSession.php(143): tap(Object(Illuminate\\Session\\Store), Object(Closure))
#22 /home/n0o0b090lv/DEV/LANG/LARAVEL/NOOB_FYI/vendor/laravel/framework/src/Illuminate/Session/Middleware/StartSession.php(115): Illuminate\\Session\\Middleware\\StartSession->startSession(Object(Illuminate\\Http\\Request), Object(Illuminate\\Session\\Store))
#23 /home/n0o0b090lv/DEV/LANG/LARAVEL/NOOB_FYI/vendor/laravel/framework/src/Illuminate/Session/Middleware/StartSession.php(63): Illuminate\\Session\\Middleware\\StartSession->handleStatefulRequest(Object(Illuminate\\Http\\Request), Object(Illuminate\\Session\\Store), Object(Closure))
#24 /home/n0o0b090lv/DEV/LANG/LARAVEL/NOOB_FYI/vendor/laravel/framework/src/Illuminate/Pipeline/Pipeline.php(219): Illuminate\\Session\\Middleware\\StartSession->handle(Object(Illuminate\\Http\\Request), Object(Closure))
#25 /home/n0o0b090lv/DEV/LANG/LARAVEL/NOOB_FYI/vendor/laravel/framework/src/Illuminate/Cookie/Middleware/AddQueuedCookiesToResponse.php(36): Illuminate\\Pipeline\\Pipeline->{closure:{closure:Illuminate\\Pipeline\\Pipeline::carry():194}:195}(Object(Illuminate\\Http\\Request))
#26 /home/n0o0b090lv/DEV/LANG/LARAVEL/NOOB_FYI/vendor/laravel/framework/src/Illuminate/Pipeline/Pipeline.php(219): Illuminate\\Cookie\\Middleware\\AddQueuedCookiesToResponse->handle(Object(Illuminate\\Http\\Request), Object(Closure))
#27 /home/n0o0b090lv/DEV/LANG/LARAVEL/NOOB_FYI/vendor/laravel/framework/src/Illuminate/Cookie/Middleware/EncryptCookies.php(74): Illuminate\\Pipeline\\Pipeline->{closure:{closure:Illuminate\\Pipeline\\Pipeline::carry():194}:195}(Object(Illuminate\\Http\\Request))
#28 /home/n0o0b090lv/DEV/LANG/LARAVEL/NOOB_FYI/vendor/laravel/framework/src/Illuminate/Pipeline/Pipeline.php(219): Illuminate\\Cookie\\Middleware\\EncryptCookies->handle(Object(Illuminate\\Http\\Request), Object(Closure))
#29 /home/n0o0b090lv/DEV/LANG/LARAVEL/NOOB_FYI/vendor/laravel/framework/src/Illuminate/Pipeline/Pipeline.php(137): Illuminate\\Pipeline\\Pipeline->{closure:{closure:Illuminate\\Pipeline\\Pipeline::carry():194}:195}(Object(Illuminate\\Http\\Request))
#30 /home/n0o0b090lv/DEV/LANG/LARAVEL/NOOB_FYI/vendor/laravel/framework/src/Illuminate/Routing/Router.php(821): Illuminate\\Pipeline\\Pipeline->then(Object(Closure))
#31 /home/n0o0b090lv/DEV/LANG/LARAVEL/NOOB_FYI/vendor/laravel/framework/src/Illuminate/Routing/Router.php(800): Illuminate\\Routing\\Router->runRouteWithinStack(Object(Illuminate\\Routing\\Route), Object(Illuminate\\Http\\Request))
#32 /home/n0o0b090lv/DEV/LANG/LARAVEL/NOOB_FYI/vendor/laravel/framework/src/Illuminate/Routing/Router.php(764): Illuminate\\Routing\\Router->runRoute(Object(Illuminate\\Http\\Request), Object(Illuminate\\Routing\\Route))
#33 /home/n0o0b090lv/DEV/LANG/LARAVEL/NOOB_FYI/vendor/laravel/framework/src/Illuminate/Routing/Router.php(753): Illuminate\\Routing\\Router->dispatchToRoute(Object(Illuminate\\Http\\Request))
#34 /home/n0o0b090lv/DEV/LANG/LARAVEL/NOOB_FYI/vendor/laravel/framework/src/Illuminate/Foundation/Http/Kernel.php(200): Illuminate\\Routing\\Router->dispatch(Object(Illuminate\\Http\\Request))
#35 /home/n0o0b090lv/DEV/LANG/LARAVEL/NOOB_FYI/vendor/laravel/framework/src/Illuminate/Pipeline/Pipeline.php(180): Illuminate\\Foundation\\Http\\Kernel->{closure:Illuminate\\Foundation\\Http\\Kernel::dispatchToRouter():197}(Object(Illuminate\\Http\\Request))
#36 /home/n0o0b090lv/DEV/LANG/LARAVEL/NOOB_FYI/vendor/laravel/framework/src/Illuminate/Foundation/Http/Middleware/TransformsRequest.php(21): Illuminate\\Pipeline\\Pipeline->{closure:Illuminate\\Pipeline\\Pipeline::prepareDestination():178}(Object(Illuminate\\Http\\Request))
#37 /home/n0o0b090lv/DEV/LANG/LARAVEL/NOOB_FYI/vendor/laravel/framework/src/Illuminate/Foundation/Http/Middleware/ConvertEmptyStringsToNull.php(31): Illuminate\\Foundation\\Http\\Middleware\\TransformsRequest->handle(Object(Illuminate\\Http\\Request), Object(Closure))
#38 /home/n0o0b090lv/DEV/LANG/LARAVEL/NOOB_FYI/vendor/laravel/framework/src/Illuminate/Pipeline/Pipeline.php(219): Illuminate\\Foundation\\Http\\Middleware\\ConvertEmptyStringsToNull->handle(Object(Illuminate\\Http\\Request), Object(Closure))
#39 /home/n0o0b090lv/DEV/LANG/LARAVEL/NOOB_FYI/vendor/laravel/framework/src/Illuminate/Foundation/Http/Middleware/TransformsRequest.php(21): Illuminate\\Pipeline\\Pipeline->{closure:{closure:Illuminate\\Pipeline\\Pipeline::carry():194}:195}(Object(Illuminate\\Http\\Request))
#40 /home/n0o0b090lv/DEV/LANG/LARAVEL/NOOB_FYI/vendor/laravel/framework/src/Illuminate/Foundation/Http/Middleware/TrimStrings.php(51): Illuminate\\Foundation\\Http\\Middleware\\TransformsRequest->handle(Object(Illuminate\\Http\\Request), Object(Closure))
#41 /home/n0o0b090lv/DEV/LANG/LARAVEL/NOOB_FYI/vendor/laravel/framework/src/Illuminate/Pipeline/Pipeline.php(219): Illuminate\\Foundation\\Http\\Middleware\\TrimStrings->handle(Object(Illuminate\\Http\\Request), Object(Closure))
#42 /home/n0o0b090lv/DEV/LANG/LARAVEL/NOOB_FYI/vendor/laravel/framework/src/Illuminate/Http/Middleware/ValidatePostSize.php(27): Illuminate\\Pipeline\\Pipeline->{closure:{closure:Illuminate\\Pipeline\\Pipeline::carry():194}:195}(Object(Illuminate\\Http\\Request))
#43 /home/n0o0b090lv/DEV/LANG/LARAVEL/NOOB_FYI/vendor/laravel/framework/src/Illuminate/Pipeline/Pipeline.php(219): Illuminate\\Http\\Middleware\\ValidatePostSize->handle(Object(Illuminate\\Http\\Request), Object(Closure))
#44 /home/n0o0b090lv/DEV/LANG/LARAVEL/NOOB_FYI/vendor/laravel/framework/src/Illuminate/Foundation/Http/Middleware/PreventRequestsDuringMaintenance.php(110): Illuminate\\Pipeline\\Pipeline->{closure:{closure:Illuminate\\Pipeline\\Pipeline::carry():194}:195}(Object(Illuminate\\Http\\Request))
#45 /home/n0o0b090lv/DEV/LANG/LARAVEL/NOOB_FYI/vendor/laravel/framework/src/Illuminate/Pipeline/Pipeline.php(219): Illuminate\\Foundation\\Http\\Middleware\\PreventRequestsDuringMaintenance->handle(Object(Illuminate\\Http\\Request), Object(Closure))
#46 /home/n0o0b090lv/DEV/LANG/LARAVEL/NOOB_FYI/vendor/laravel/framework/src/Illuminate/Http/Middleware/HandleCors.php(61): Illuminate\\Pipeline\\Pipeline->{closure:{closure:Illuminate\\Pipeline\\Pipeline::carry():194}:195}(Object(Illuminate\\Http\\Request))
#47 /home/n0o0b090lv/DEV/LANG/LARAVEL/NOOB_FYI/vendor/laravel/framework/src/Illuminate/Pipeline/Pipeline.php(219): Illuminate\\Http\\Middleware\\HandleCors->handle(Object(Illuminate\\Http\\Request), Object(Closure))
#48 /home/n0o0b090lv/DEV/LANG/LARAVEL/NOOB_FYI/vendor/laravel/framework/src/Illuminate/Http/Middleware/TrustProxies.php(58): Illuminate\\Pipeline\\Pipeline->{closure:{closure:Illuminate\\Pipeline\\Pipeline::carry():194}:195}(Object(Illuminate\\Http\\Request))
#49 /home/n0o0b090lv/DEV/LANG/LARAVEL/NOOB_FYI/vendor/laravel/framework/src/Illuminate/Pipeline/Pipeline.php(219): Illuminate\\Http\\Middleware\\TrustProxies->handle(Object(Illuminate\\Http\\Request), Object(Closure))
#50 /home/n0o0b090lv/DEV/LANG/LARAVEL/NOOB_FYI/vendor/laravel/framework/src/Illuminate/Foundation/Http/Middleware/InvokeDeferredCallbacks.php(22): Illuminate\\Pipeline\\Pipeline->{closure:{closure:Illuminate\\Pipeline\\Pipeline::carry():194}:195}(Object(Illuminate\\Http\\Request))
#51 /home/n0o0b090lv/DEV/LANG/LARAVEL/NOOB_FYI/vendor/laravel/framework/src/Illuminate/Pipeline/Pipeline.php(219): Illuminate\\Foundation\\Http\\Middleware\\InvokeDeferredCallbacks->handle(Object(Illuminate\\Http\\Request), Object(Closure))
#52 /home/n0o0b090lv/DEV/LANG/LARAVEL/NOOB_FYI/vendor/laravel/framework/src/Illuminate/Http/Middleware/ValidatePathEncoding.php(28): Illuminate\\Pipeline\\Pipeline->{closure:{closure:Illuminate\\Pipeline\\Pipeline::carry():194}:195}(Object(Illuminate\\Http\\Request))
#53 /home/n0o0b090lv/DEV/LANG/LARAVEL/NOOB_FYI/vendor/laravel/framework/src/Illuminate/Pipeline/Pipeline.php(219): Illuminate\\Http\\Middleware\\ValidatePathEncoding->handle(Object(Illuminate\\Http\\Request), Object(Closure))
#54 /home/n0o0b090lv/DEV/LANG/LARAVEL/NOOB_FYI/vendor/laravel/framework/src/Illuminate/Pipeline/Pipeline.php(137): Illuminate\\Pipeline\\Pipeline->{closure:{closure:Illuminate\\Pipeline\\Pipeline::carry():194}:195}(Object(Illuminate\\Http\\Request))
#55 /home/n0o0b090lv/DEV/LANG/LARAVEL/NOOB_FYI/vendor/laravel/framework/src/Illuminate/Foundation/Http/Kernel.php(175): Illuminate\\Pipeline\\Pipeline->then(Object(Closure))
#56 /home/n0o0b090lv/DEV/LANG/LARAVEL/NOOB_FYI/vendor/laravel/framework/src/Illuminate/Foundation/Http/Kernel.php(144): Illuminate\\Foundation\\Http\\Kernel->sendRequestThroughRouter(Object(Illuminate\\Http\\Request))
#57 /home/n0o0b090lv/DEV/LANG/LARAVEL/NOOB_FYI/vendor/laravel/framework/src/Illuminate/Foundation/Application.php(1227): Illuminate\\Foundation\\Http\\Kernel->handle(Object(Illuminate\\Http\\Request))
#58 /home/n0o0b090lv/DEV/LANG/LARAVEL/NOOB_FYI/public/index.php(20): Illuminate\\Foundation\\Application->handleRequest(Object(Illuminate\\Http\\Request))
#59 /home/n0o0b090lv/DEV/LANG/LARAVEL/NOOB_FYI/vendor/laravel/framework/src/Illuminate/Foundation/resources/server.php(23): require_once('/home/n0o0b090l...')
#60 {main}
"} 
[2026-09-10 11:30:33] local.ERROR: SQLSTATE[HY000] [1698] Access denied for user 'root'@'localhost' (Connection: mariadb, Host: 127.0.0.1, Port: 3306, Database: noob_fyi, SQL: select * from `cache` where `key` in (laravel-cache-illuminate:queues:paused)) {"exception":"[object] (Illuminate\\Database\\QueryException(code: 1698): SQLSTATE[HY000] [1698] Access denied for user 'root'@'localhost' (Connection: mariadb, Host: 127.0.0.1, Port: 3306, Database: noob_fyi, SQL: select * from `cache` where `key` in (laravel-cache-illuminate:queues:paused)) at /home/n0o0b090lv/DEV/LANG/LARAVEL/NOOB_FYI/vendor/laravel/framework/src/Illuminate/Database/Connection.php:857)
[stacktrace]
#0 /home/n0o0b090lv/DEV/LANG/LARAVEL/NOOB_FYI/vendor/laravel/framework/src/Illuminate/Database/Connection.php(813): Illuminate\\Database\\Connection->runQueryCallback('select * from `...', Array, Object(Closure))
#1 /home/n0o0b090lv/DEV/LANG/LARAVEL/NOOB_FYI/vendor/laravel/framework/src/Illuminate/Database/Connection.php(426): Illuminate\\Database\\Connection->run('select * from `...', Array, Object(Closure))
#2 /home/n0o0b090lv/DEV/LANG/LARAVEL/NOOB_FYI/vendor/laravel/framework/src/Illuminate/Database/Query/Builder.php(3629): Illuminate\\Database\\Connection->select('select * from `...', Array, true, Array)
#3 /home/n0o0b090lv/DEV/LANG/LARAVEL/NOOB_FYI/vendor/laravel/framework/src/Illuminate/Database/Query/Builder.php(3613): Illuminate\\Database\\Query\\Builder->runSelect()
#4 /home/n0o0b090lv/DEV/LANG/LARAVEL/NOOB_FYI/vendor/laravel/framework/src/Illuminate/Cache/DatabaseStore.php(142): Illuminate\\Database\\Query\\Builder->get()
#5 /home/n0o0b090lv/DEV/LANG/LARAVEL/NOOB_FYI/vendor/laravel/framework/src/Illuminate/Cache/DatabaseStore.php(117): Illuminate\\Cache\\DatabaseStore->many(Array)
#6 /home/n0o0b090lv/DEV/LANG/LARAVEL/NOOB_FYI/vendor/laravel/framework/src/Illuminate/Cache/Repository.php(138): Illuminate\\Cache\\DatabaseStore->get('illuminate:queu...')
#7 /home/n0o0b090lv/DEV/LANG/LARAVEL/NOOB_FYI/vendor/laravel/framework/src/Illuminate/Queue/QueueManager.php(347): Illuminate\\Cache\\Repository->get('illuminate:queu...')
#8 /home/n0o0b090lv/DEV/LANG/LARAVEL/NOOB_FYI/vendor/laravel/framework/src/Illuminate/Queue/Worker.php(509): Illuminate\\Queue\\QueueManager->getPausedQueues('database', Array)
#9 /home/n0o0b090lv/DEV/LANG/LARAVEL/NOOB_FYI/vendor/laravel/framework/src/Illuminate/Queue/Worker.php(466): Illuminate\\Queue\\Worker->getPausedQueues('database', Array)
#10 /home/n0o0b090lv/DEV/LANG/LARAVEL/NOOB_FYI/vendor/laravel/framework/src/Illuminate/Queue/Worker.php(426): Illuminate\\Queue\\Worker->getNextJob(Object(Illuminate\\Queue\\DatabaseQueue), 'default')
#11 /home/n0o0b090lv/DEV/LANG/LARAVEL/NOOB_FYI/vendor/laravel/framework/src/Illuminate/Queue/Console/WorkCommand.php(152): Illuminate\\Queue\\Worker->runNextJob('database', 'default', Object(Illuminate\\Queue\\WorkerOptions))
#12 /home/n0o0b090lv/DEV/LANG/LARAVEL/NOOB_FYI/vendor/laravel/framework/src/Illuminate/Queue/Console/WorkCommand.php(135): Illuminate\\Queue\\Console\\WorkCommand->runWorker('database', 'default')
#13 /home/n0o0b090lv/DEV/LANG/LARAVEL/NOOB_FYI/vendor/laravel/framework/src/Illuminate/Container/BoundMethod.php(36): Illuminate\\Queue\\Console\\WorkCommand->handle()
#14 /home/n0o0b090lv/DEV/LANG/LARAVEL/NOOB_FYI/vendor/laravel/framework/src/Illuminate/Container/Util.php(43): Illuminate\\Container\\BoundMethod::{closure:Illuminate\\Container\\BoundMethod::call():35}()
#15 /home/n0o0b090lv/DEV/LANG/LARAVEL/NOOB_FYI/vendor/laravel/framework/src/Illuminate/Container/BoundMethod.php(96): Illuminate\\Container\\Util::unwrapIfClosure(Object(Closure))
#16 /home/n0o0b090lv/DEV/LANG/LARAVEL/NOOB_FYI/vendor/laravel/framework/src/Illuminate/Container/BoundMethod.php(35): Illuminate\\Container\\BoundMethod::callBoundMethod(Object(Illuminate\\Foundation\\Application), Array, Object(Closure))
#17 /home/n0o0b090lv/DEV/LANG/LARAVEL/NOOB_FYI/vendor/laravel/framework/src/Illuminate/Container/Container.php(803): Illuminate\\Container\\BoundMethod::call(Object(Illuminate\\Foundation\\Application), Array, Array, NULL)
#18 /home/n0o0b090lv/DEV/LANG/LARAVEL/NOOB_FYI/vendor/laravel/framework/src/Illuminate/Console/Command.php(292): Illuminate\\Container\\Container->call(Array)
#19 /home/n0o0b090lv/DEV/LANG/LARAVEL/NOOB_FYI/vendor/symfony/console/Command/Command.php(285): Illuminate\\Console\\Command->execute(Object(Symfony\\Component\\Console\\Input\\ArgvInput), Object(Illuminate\\Console\\OutputStyle))
#20 /home/n0o0b090lv/DEV/LANG/LARAVEL/NOOB_FYI/vendor/laravel/framework/src/Illuminate/Console/Command.php(261): Symfony\\Component\\Console\\Command\\Command->run(Object(Symfony\\Component\\Console\\Input\\ArgvInput), Object(Illuminate\\Console\\OutputStyle))
#21 /home/n0o0b090lv/DEV/LANG/LARAVEL/NOOB_FYI/vendor/symfony/console/Application.php(1144): Illuminate\\Console\\Command->run(Object(Symfony\\Component\\Console\\Input\\ArgvInput), Object(Symfony\\Component\\Console\\Output\\ConsoleOutput))
#22 /home/n0o0b090lv/DEV/LANG/LARAVEL/NOOB_FYI/vendor/symfony/console/Application.php(379): Symfony\\Component\\Console\\Application->doRunCommand(Object(Illuminate\\Queue\\Console\\WorkCommand), Object(Symfony\\Component\\Console\\Input\\ArgvInput), Object(Symfony\\Component\\Console\\Output\\ConsoleOutput))
#23 /home/n0o0b090lv/DEV/LANG/LARAVEL/NOOB_FYI/vendor/symfony/console/Application.php(218): Symfony\\Component\\Console\\Application->doRun(Object(Symfony\\Component\\Console\\Input\\ArgvInput), Object(Symfony\\Component\\Console\\Output\\ConsoleOutput))
#24 /home/n0o0b090lv/DEV/LANG/LARAVEL/NOOB_FYI/vendor/laravel/framework/src/Illuminate/Foundation/Console/Kernel.php(198): Symfony\\Component\\Console\\Application->run(Object(Symfony\\Component\\Console\\Input\\ArgvInput), Object(Symfony\\Component\\Console\\Output\\ConsoleOutput))
#25 /home/n0o0b090lv/DEV/LANG/LARAVEL/NOOB_FYI/vendor/laravel/framework/src/Illuminate/Foundation/Application.php(1242): Illuminate\\Foundation\\Console\\Kernel->handle(Object(Symfony\\Component\\Console\\Input\\ArgvInput), Object(Symfony\\Component\\Console\\Output\\ConsoleOutput))
#26 /home/n0o0b090lv/DEV/LANG/LARAVEL/NOOB_FYI/artisan(16): Illuminate\\Foundation\\Application->handleCommand(Object(Symfony\\Component\\Console\\Input\\ArgvInput))
#27 {main}

[previous exception] [object] (PDOException(code: 1698): SQLSTATE[HY000] [1698] Access denied for user 'root'@'localhost' at /home/n0o0b090lv/DEV/LANG/LARAVEL/NOOB_FYI/vendor/laravel/framework/src/Illuminate/Database/Connectors/Connector.php:67)
[stacktrace]
#0 /home/n0o0b090lv/DEV/LANG/LARAVEL/NOOB_FYI/vendor/laravel/framework/src/Illuminate/Database/Connectors/Connector.php(67): PDO::connect('mysql:host=127....', 'root', Object(SensitiveParameterValue), Array)
#1 /home/n0o0b090lv/DEV/LANG/LARAVEL/NOOB_FYI/vendor/laravel/framework/src/Illuminate/Database/Connectors/Connector.php(44): Illuminate\\Database\\Connectors\\Connector->createPdoConnection('mysql:host=127....', 'root', Object(SensitiveParameterValue), Array)
#2 /home/n0o0b090lv/DEV/LANG/LARAVEL/NOOB_FYI/vendor/laravel/framework/src/Illuminate/Database/Connectors/MySqlConnector.php(24): Illuminate\\Database\\Connectors\\Connector->createConnection('mysql:host=127....', Array, Array)
#3 /home/n0o0b090lv/DEV/LANG/LARAVEL/NOOB_FYI/vendor/laravel/framework/src/Illuminate/Database/Connectors/ConnectionFactory.php(220): Illuminate\\Database\\Connectors\\MySqlConnector->connect(Array)
#4 [internal function]: Illuminate\\Database\\Connectors\\ConnectionFactory->{closure:Illuminate\\Database\\Connectors\\ConnectionFactory::createPdoResolverWithHosts():213}()
#5 /home/n0o0b090lv/DEV/LANG/LARAVEL/NOOB_FYI/vendor/laravel/framework/src/Illuminate/Database/Connection.php(1298): call_user_func(Object(Closure))
#6 /home/n0o0b090lv/DEV/LANG/LARAVEL/NOOB_FYI/vendor/laravel/framework/src/Illuminate/Database/Connection.php(1336): Illuminate\\Database\\Connection->getPdo()
#7 /home/n0o0b090lv/DEV/LANG/LARAVEL/NOOB_FYI/vendor/laravel/framework/src/Illuminate/Database/Connection.php(542): Illuminate\\Database\\Connection->getReadPdo()
#8 /home/n0o0b090lv/DEV/LANG/LARAVEL/NOOB_FYI/vendor/laravel/framework/src/Illuminate/Database/Connection.php(435): Illuminate\\Database\\Connection->getPdoForSelect(true)
#9 /home/n0o0b090lv/DEV/LANG/LARAVEL/NOOB_FYI/vendor/laravel/framework/src/Illuminate/Database/Connection.php(846): Illuminate\\Database\\Connection->{closure:Illuminate\\Database\\Connection::select():426}('select * from `...', Array)
#10 /home/n0o0b090lv/DEV/LANG/LARAVEL/NOOB_FYI/vendor/laravel/framework/src/Illuminate/Database/Connection.php(813): Illuminate\\Database\\Connection->runQueryCallback('select * from `...', Array, Object(Closure))
#11 /home/n0o0b090lv/DEV/LANG/LARAVEL/NOOB_FYI/vendor/laravel/framework/src/Illuminate/Database/Connection.php(426): Illuminate\\Database\\Connection->run('select * from `...', Array, Object(Closure))
#12 /home/n0o0b090lv/DEV/LANG/LARAVEL/NOOB_FYI/vendor/laravel/framework/src/Illuminate/Database/Query/Builder.php(3629): Illuminate\\Database\\Connection->select('select * from `...', Array, true, Array)
#13 /home/n0o0b090lv/DEV/LANG/LARAVEL/NOOB_FYI/vendor/laravel/framework/src/Illuminate/Database/Query/Builder.php(3613): Illuminate\\Database\\Query\\Builder->runSelect()
#14 /home/n0o0b090lv/DEV/LANG/LARAVEL/NOOB_FYI/vendor/laravel/framework/src/Illuminate/Cache/DatabaseStore.php(142): Illuminate\\Database\\Query\\Builder->get()
#15 /home/n0o0b090lv/DEV/LANG/LARAVEL/NOOB_FYI/vendor/laravel/framework/src/Illuminate/Cache/DatabaseStore.php(117): Illuminate\\Cache\\DatabaseStore->many(Array)
#16 /home/n0o0b090lv/DEV/LANG/LARAVEL/NOOB_FYI/vendor/laravel/framework/src/Illuminate/Cache/Repository.php(138): Illuminate\\Cache\\DatabaseStore->get('illuminate:queu...')
#17 /home/n0o0b090lv/DEV/LANG/LARAVEL/NOOB_FYI/vendor/laravel/framework/src/Illuminate/Queue/QueueManager.php(347): Illuminate\\Cache\\Repository->get('illuminate:queu...')
#18 /home/n0o0b090lv/DEV/LANG/LARAVEL/NOOB_FYI/vendor/laravel/framework/src/Illuminate/Queue/Worker.php(509): Illuminate\\Queue\\QueueManager->getPausedQueues('database', Array)
#19 /home/n0o0b090lv/DEV/LANG/LARAVEL/NOOB_FYI/vendor/laravel/framework/src/Illuminate/Queue/Worker.php(466): Illuminate\\Queue\\Worker->getPausedQueues('database', Array)
#20 /home/n0o0b090lv/DEV/LANG/LARAVEL/NOOB_FYI/vendor/laravel/framework/src/Illuminate/Queue/Worker.php(426): Illuminate\\Queue\\Worker->getNextJob(Object(Illuminate\\Queue\\DatabaseQueue), 'default')
#21 /home/n0o0b090lv/DEV/LANG/LARAVEL/NOOB_FYI/vendor/laravel/framework/src/Illuminate/Queue/Console/WorkCommand.php(152): Illuminate\\Queue\\Worker->runNextJob('database', 'default', Object(Illuminate\\Queue\\WorkerOptions))
#22 /home/n0o0b090lv/DEV/LANG/LARAVEL/NOOB_FYI/vendor/laravel/framework/src/Illuminate/Queue/Console/WorkCommand.php(135): Illuminate\\Queue\\Console\\WorkCommand->runWorker('database', 'default')
#23 /home/n0o0b090lv/DEV/LANG/LARAVEL/NOOB_FYI/vendor/laravel/framework/src/Illuminate/Container/BoundMethod.php(36): Illuminate\\Queue\\Console\\WorkCommand->handle()
#24 /home/n0o0b090lv/DEV/LANG/LARAVEL/NOOB_FYI/vendor/laravel/framework/src/Illuminate/Container/Util.php(43): Illuminate\\Container\\BoundMethod::{closure:Illuminate\\Container\\BoundMethod::call():35}()
#25 /home/n0o0b090lv/DEV/LANG/LARAVEL/NOOB_FYI/vendor/laravel/framework/src/Illuminate/Container/BoundMethod.php(96): Illuminate\\Container\\Util::unwrapIfClosure(Object(Closure))
#26 /home/n0o0b090lv/DEV/LANG/LARAVEL/NOOB_FYI/vendor/laravel/framework/src/Illuminate/Container/BoundMethod.php(35): Illuminate\\Container\\BoundMethod::callBoundMethod(Object(Illuminate\\Foundation\\Application), Array, Object(Closure))
#27 /home/n0o0b090lv/DEV/LANG/LARAVEL/NOOB_FYI/vendor/laravel/framework/src/Illuminate/Container/Container.php(803): Illuminate\\Container\\BoundMethod::call(Object(Illuminate\\Foundation\\Application), Array, Array, NULL)
#28 /home/n0o0b090lv/DEV/LANG/LARAVEL/NOOB_FYI/vendor/laravel/framework/src/Illuminate/Console/Command.php(292): Illuminate\\Container\\Container->call(Array)
#29 /home/n0o0b090lv/DEV/LANG/LARAVEL/NOOB_FYI/vendor/symfony/console/Command/Command.php(285): Illuminate\\Console\\Command->execute(Object(Symfony\\Component\\Console\\Input\\ArgvInput), Object(Illuminate\\Console\\OutputStyle))
#30 /home/n0o0b090lv/DEV/LANG/LARAVEL/NOOB_FYI/vendor/laravel/framework/src/Illuminate/Console/Command.php(261): Symfony\\Component\\Console\\Command\\Command->run(Object(Symfony\\Component\\Console\\Input\\ArgvInput), Object(Illuminate\\Console\\OutputStyle))
#31 /home/n0o0b090lv/DEV/LANG/LARAVEL/NOOB_FYI/vendor/symfony/console/Application.php(1144): Illuminate\\Console\\Command->run(Object(Symfony\\Component\\Console\\Input\\ArgvInput), Object(Symfony\\Component\\Console\\Output\\ConsoleOutput))
#32 /home/n0o0b090lv/DEV/LANG/LARAVEL/NOOB_FYI/vendor/symfony/console/Application.php(379): Symfony\\Component\\Console\\Application->doRunCommand(Object(Illuminate\\Queue\\Console\\WorkCommand), Object(Symfony\\Component\\Console\\Input\\ArgvInput), Object(Symfony\\Component\\Console\\Output\\ConsoleOutput))
#33 /home/n0o0b090lv/DEV/LANG/LARAVEL/NOOB_FYI/vendor/symfony/console/Application.php(218): Symfony\\Component\\Console\\Application->doRun(Object(Symfony\\Component\\Console\\Input\\ArgvInput), Object(Symfony\\Component\\Console\\Output\\ConsoleOutput))
#34 /home/n0o0b090lv/DEV/LANG/LARAVEL/NOOB_FYI/vendor/laravel/framework/src/Illuminate/Foundation/Console/Kernel.php(198): Symfony\\Component\\Console\\Application->run(Object(Symfony\\Component\\Console\\Input\\ArgvInput), Object(Symfony\\Component\\Console\\Output\\ConsoleOutput))
#35 /home/n0o0b090lv/DEV/LANG/LARAVEL/NOOB_FYI/vendor/laravel/framework/src/Illuminate/Foundation/Application.php(1242): Illuminate\\Foundation\\Console\\Kernel->handle(Object(Symfony\\Component\\Console\\Input\\ArgvInput), Object(Symfony\\Component\\Console\\Output\\ConsoleOutput))
#36 /home/n0o0b090lv/DEV/LANG/LARAVEL/NOOB_FYI/artisan(16): Illuminate\\Foundation\\Application->handleCommand(Object(Symfony\\Component\\Console\\Input\\ArgvInput))
#37 {main}
"} 
[2026-09-10 11:30:38] local.ERROR: SQLSTATE[HY000] [1698] Access denied for user 'root'@'localhost' (Connection: mariadb, Host: 127.0.0.1, Port: 3306, Database: noob_fyi, SQL: select * from `cache` where `key` in (laravel-cache-illuminate:queues:paused)) {"exception":"[object] (Illuminate\\Database\\QueryException(code: 1698): SQLSTATE[HY000] [1698] Access denied for user 'root'@'localhost' (Connection: mariadb, Host: 127.0.0.1, Port: 3306, Database: noob_fyi, SQL: select * from `cache` where `key` in (laravel-cache-illuminate:queues:paused)) at /home/n0o0b090lv/DEV/LANG/LARAVEL/NOOB_FYI/vendor/laravel/framework/src/Illuminate/Database/Connection.php:857)
[stacktrace]
#0 /home/n0o0b090lv/DEV/LANG/LARAVEL/NOOB_FYI/vendor/laravel/framework/src/Illuminate/Database/Connection.php(813): Illuminate\\Database\\Connection->runQueryCallback('select * from `...', Array, Object(Closure))
#1 /home/n0o0b090lv/DEV/LANG/LARAVEL/NOOB_FYI/vendor/laravel/framework/src/Illuminate/Database/Connection.php(426): Illuminate\\Database\\Connection->run('select * from `...', Array, Object(Closure))
#2 /home/n0o0b090lv/DEV/LANG/LARAVEL/NOOB_FYI/vendor/laravel/framework/src/Illuminate/Database/Query/Builder.php(3629): Illuminate\\Database\\Connection->select('select * from `...', Array, true, Array)
#3 /home/n0o0b090lv/DEV/LANG/LARAVEL/NOOB_FYI/vendor/laravel/framework/src/Illuminate/Database/Query/Builder.php(3613): Illuminate\\Database\\Query\\Builder->runSelect()
#4 /home/n0o0b090lv/DEV/LANG/LARAVEL/NOOB_FYI/vendor/laravel/framework/src/Illuminate/Cache/DatabaseStore.php(142): Illuminate\\Database\\Query\\Builder->get()
#5 /home/n0o0b090lv/DEV/LANG/LARAVEL/NOOB_FYI/vendor/laravel/framework/src/Illuminate/Cache/DatabaseStore.php(117): Illuminate\\Cache\\DatabaseStore->many(Array)
#6 /home/n0o0b090lv/DEV/LANG/LARAVEL/NOOB_FYI/vendor/laravel/framework/src/Illuminate/Cache/Repository.php(138): Illuminate\\Cache\\DatabaseStore->get('illuminate:queu...')
#7 /home/n0o0b090lv/DEV/LANG/LARAVEL/NOOB_FYI/vendor/laravel/framework/src/Illuminate/Queue/QueueManager.php(347): Illuminate\\Cache\\Repository->get('illuminate:queu...')
#8 /home/n0o0b090lv/DEV/LANG/LARAVEL/NOOB_FYI/vendor/laravel/framework/src/Illuminate/Queue/Worker.php(509): Illuminate\\Queue\\QueueManager->getPausedQueues('database', Array)
#9 /home/n0o0b090lv/DEV/LANG/LARAVEL/NOOB_FYI/vendor/laravel/framework/src/Illuminate/Queue/Worker.php(466): Illuminate\\Queue\\Worker->getPausedQueues('database', Array)
#10 /home/n0o0b090lv/DEV/LANG/LARAVEL/NOOB_FYI/vendor/laravel/framework/src/Illuminate/Queue/Worker.php(426): Illuminate\\Queue\\Worker->getNextJob(Object(Illuminate\\Queue\\DatabaseQueue), 'default')
#11 /home/n0o0b090lv/DEV/LANG/LARAVEL/NOOB_FYI/vendor/laravel/framework/src/Illuminate/Queue/Console/WorkCommand.php(152): Illuminate\\Queue\\Worker->runNextJob('database', 'default', Object(Illuminate\\Queue\\WorkerOptions))
#12 /home/n0o0b090lv/DEV/LANG/LARAVEL/NOOB_FYI/vendor/laravel/framework/src/Illuminate/Queue/Console/WorkCommand.php(135): Illuminate\\Queue\\Console\\WorkCommand->runWorker('database', 'default')
#13 /home/n0o0b090lv/DEV/LANG/LARAVEL/NOOB_FYI/vendor/laravel/framework/src/Illuminate/Container/BoundMethod.php(36): Illuminate\\Queue\\Console\\WorkCommand->handle()
#14 /home/n0o0b090lv/DEV/LANG/LARAVEL/NOOB_FYI/vendor/laravel/framework/src/Illuminate/Container/Util.php(43): Illuminate\\Container\\BoundMethod::{closure:Illuminate\\Container\\BoundMethod::call():35}()
#15 /home/n0o0b090lv/DEV/LANG/LARAVEL/NOOB_FYI/vendor/laravel/framework/src/Illuminate/Container/BoundMethod.php(96): Illuminate\\Container\\Util::unwrapIfClosure(Object(Closure))
#16 /home/n0o0b090lv/DEV/LANG/LARAVEL/NOOB_FYI/vendor/laravel/framework/src/Illuminate/Container/BoundMethod.php(35): Illuminate\\Container\\BoundMethod::callBoundMethod(Object(Illuminate\\Foundation\\Application), Array, Object(Closure))
#17 /home/n0o0b090lv/DEV/LANG/LARAVEL/NOOB_FYI/vendor/laravel/framework/src/Illuminate/Container/Container.php(803): Illuminate\\Container\\BoundMethod::call(Object(Illuminate\\Foundation\\Application), Array, Array, NULL)
#18 /home/n0o0b090lv/DEV/LANG/LARAVEL/NOOB_FYI/vendor/laravel/framework/src/Illuminate/Console/Command.php(292): Illuminate\\Container\\Container->call(Array)
#19 /home/n0o0b090lv/DEV/LANG/LARAVEL/NOOB_FYI/vendor/symfony/console/Command/Command.php(285): Illuminate\\Console\\Command->execute(Object(Symfony\\Component\\Console\\Input\\ArgvInput), Object(Illuminate\\Console\\OutputStyle))
#20 /home/n0o0b090lv/DEV/LANG/LARAVEL/NOOB_FYI/vendor/laravel/framework/src/Illuminate/Console/Command.php(261): Symfony\\Component\\Console\\Command\\Command->run(Object(Symfony\\Component\\Console\\Input\\ArgvInput), Object(Illuminate\\Console\\OutputStyle))
#21 /home/n0o0b090lv/DEV/LANG/LARAVEL/NOOB_FYI/vendor/symfony/console/Application.php(1144): Illuminate\\Console\\Command->run(Object(Symfony\\Component\\Console\\Input\\ArgvInput), Object(Symfony\\Component\\Console\\Output\\ConsoleOutput))
#22 /home/n0o0b090lv/DEV/LANG/LARAVEL/NOOB_FYI/vendor/symfony/console/Application.php(379): Symfony\\Component\\Console\\Application->doRunCommand(Object(Illuminate\\Queue\\Console\\WorkCommand), Object(Symfony\\Component\\Console\\Input\\ArgvInput), Object(Symfony\\Component\\Console\\Output\\ConsoleOutput))
#23 /home/n0o0b090lv/DEV/LANG/LARAVEL/NOOB_FYI/vendor/symfony/console/Application.php(218): Symfony\\Component\\Console\\Application->doRun(Object(Symfony\\Component\\Console\\Input\\ArgvInput), Object(Symfony\\Component\\Console\\Output\\ConsoleOutput))
#24 /home/n0o0b090lv/DEV/LANG/LARAVEL/NOOB_FYI/vendor/laravel/framework/src/Illuminate/Foundation/Console/Kernel.php(198): Symfony\\Component\\Console\\Application->run(Object(Symfony\\Component\\Console\\Input\\ArgvInput), Object(Symfony\\Component\\Console\\Output\\ConsoleOutput))
#25 /home/n0o0b090lv/DEV/LANG/LARAVEL/NOOB_FYI/vendor/laravel/framework/src/Illuminate/Foundation/Application.php(1242): Illuminate\\Foundation\\Console\\Kernel->handle(Object(Symfony\\Component\\Console\\Input\\ArgvInput), Object(Symfony\\Component\\Console\\Output\\ConsoleOutput))
#26 /home/n0o0b090lv/DEV/LANG/LARAVEL/NOOB_FYI/artisan(16): Illuminate\\Foundation\\Application->handleCommand(Object(Symfony\\Component\\Console\\Input\\ArgvInput))
#27 {main}

[previous exception] [object] (PDOException(code: 1698): SQLSTATE[HY000] [1698] Access denied for user 'root'@'localhost' at /home/n0o0b090lv/DEV/LANG/LARAVEL/NOOB_FYI/vendor/laravel/framework/src/Illuminate/Database/Connectors/Connector.php:67)
[stacktrace]
#0 /home/n0o0b090lv/DEV/LANG/LARAVEL/NOOB_FYI/vendor/laravel/framework/src/Illuminate/Database/Connectors/Connector.php(67): PDO::connect('mysql:host=127....', 'root', Object(SensitiveParameterValue), Array)
#1 /home/n0o0b090lv/DEV/LANG/LARAVEL/NOOB_FYI/vendor/laravel/framework/src/Illuminate/Database/Connectors/Connector.php(44): Illuminate\\Database\\Connectors\\Connector->createPdoConnection('mysql:host=127....', 'root', Object(SensitiveParameterValue), Array)
#2 /home/n0o0b090lv/DEV/LANG/LARAVEL/NOOB_FYI/vendor/laravel/framework/src/Illuminate/Database/Connectors/MySqlConnector.php(24): Illuminate\\Database\\Connectors\\Connector->createConnection('mysql:host=127....', Array, Array)
#3 /home/n0o0b090lv/DEV/LANG/LARAVEL/NOOB_FYI/vendor/laravel/framework/src/Illuminate/Database/Connectors/ConnectionFactory.php(220): Illuminate\\Database\\Connectors\\MySqlConnector->connect(Array)
#4 [internal function]: Illuminate\\Database\\Connectors\\ConnectionFactory->{closure:Illuminate\\Database\\Connectors\\ConnectionFactory::createPdoResolverWithHosts():213}()
#5 /home/n0o0b090lv/DEV/LANG/LARAVEL/NOOB_FYI/vendor/laravel/framework/src/Illuminate/Database/Connection.php(1298): call_user_func(Object(Closure))
#6 /home/n0o0b090lv/DEV/LANG/LARAVEL/NOOB_FYI/vendor/laravel/framework/src/Illuminate/Database/Connection.php(1336): Illuminate\\Database\\Connection->getPdo()
#7 /home/n0o0b090lv/DEV/LANG/LARAVEL/NOOB_FYI/vendor/laravel/framework/src/Illuminate/Database/Connection.php(542): Illuminate\\Database\\Connection->getReadPdo()
#8 /home/n0o0b090lv/DEV/LANG/LARAVEL/NOOB_FYI/vendor/laravel/framework/src/Illuminate/Database/Connection.php(435): Illuminate\\Database\\Connection->getPdoForSelect(true)
#9 /home/n0o0b090lv/DEV/LANG/LARAVEL/NOOB_FYI/vendor/laravel/framework/src/Illuminate/Database/Connection.php(846): Illuminate\\Database\\Connection->{closure:Illuminate\\Database\\Connection::select():426}('select * from `...', Array)
#10 /home/n0o0b090lv/DEV/LANG/LARAVEL/NOOB_FYI/vendor/laravel/framework/src/Illuminate/Database/Connection.php(813): Illuminate\\Database\\Connection->runQueryCallback('select * from `...', Array, Object(Closure))
#11 /home/n0o0b090lv/DEV/LANG/LARAVEL/NOOB_FYI/vendor/laravel/framework/src/Illuminate/Database/Connection.php(426): Illuminate\\Database\\Connection->run('select * from `...', Array, Object(Closure))
#12 /home/n0o0b090lv/DEV/LANG/LARAVEL/NOOB_FYI/vendor/laravel/framework/src/Illuminate/Database/Query/Builder.php(3629): Illuminate\\Database\\Connection->select('select * from `...', Array, true, Array)
#13 /home/n0o0b090lv/DEV/LANG/LARAVEL/NOOB_FYI/vendor/laravel/framework/src/Illuminate/Database/Query/Builder.php(3613): Illuminate\\Database\\Query\\Builder->runSelect()
#14 /home/n0o0b090lv/DEV/LANG/LARAVEL/NOOB_FYI/vendor/laravel/framework/src/Illuminate/Cache/DatabaseStore.php(142): Illuminate\\Database\\Query\\Builder->get()
#15 /home/n0o0b090lv/DEV/LANG/LARAVEL/NOOB_FYI/vendor/laravel/framework/src/Illuminate/Cache/DatabaseStore.php(117): Illuminate\\Cache\\DatabaseStore->many(Array)
#16 /home/n0o0b090lv/DEV/LANG/LARAVEL/NOOB_FYI/vendor/laravel/framework/src/Illuminate/Cache/Repository.php(138): Illuminate\\Cache\\DatabaseStore->get('illuminate:queu...')
#17 /home/n0o0b090lv/DEV/LANG/LARAVEL/NOOB_FYI/vendor/laravel/framework/src/Illuminate/Queue/QueueManager.php(347): Illuminate\\Cache\\Repository->get('illuminate:queu...')
#18 /home/n0o0b090lv/DEV/LANG/LARAVEL/NOOB_FYI/vendor/laravel/framework/src/Illuminate/Queue/Worker.php(509): Illuminate\\Queue\\QueueManager->getPausedQueues('database', Array)
#19 /home/n0o0b090lv/DEV/LANG/LARAVEL/NOOB_FYI/vendor/laravel/framework/src/Illuminate/Queue/Worker.php(466): Illuminate\\Queue\\Worker->getPausedQueues('database', Array)
#20 /home/n0o0b090lv/DEV/LANG/LARAVEL/NOOB_FYI/vendor/laravel/framework/src/Illuminate/Queue/Worker.php(426): Illuminate\\Queue\\Worker->getNextJob(Object(Illuminate\\Queue\\DatabaseQueue), 'default')
#21 /home/n0o0b090lv/DEV/LANG/LARAVEL/NOOB_FYI/vendor/laravel/framework/src/Illuminate/Queue/Console/WorkCommand.php(152): Illuminate\\Queue\\Worker->runNextJob('database', 'default', Object(Illuminate\\Queue\\WorkerOptions))
#22 /home/n0o0b090lv/DEV/LANG/LARAVEL/NOOB_FYI/vendor/laravel/framework/src/Illuminate/Queue/Console/WorkCommand.php(135): Illuminate\\Queue\\Console\\WorkCommand->runWorker('database', 'default')
#23 /home/n0o0b090lv/DEV/LANG/LARAVEL/NOOB_FYI/vendor/laravel/framework/src/Illuminate/Container/BoundMethod.php(36): Illuminate\\Queue\\Console\\WorkCommand->handle()
#24 /home/n0o0b090lv/DEV/LANG/LARAVEL/NOOB_FYI/vendor/laravel/framework/src/Illuminate/Container/Util.php(43): Illuminate\\Container\\BoundMethod::{closure:Illuminate\\Container\\BoundMethod::call():35}()
#25 /home/n0o0b090lv/DEV/LANG/LARAVEL/NOOB_FYI/vendor/laravel/framework/src/Illuminate/Container/BoundMethod.php(96): Illuminate\\Container\\Util::unwrapIfClosure(Object(Closure))
#26 /home/n0o0b090lv/DEV/LANG/LARAVEL/NOOB_FYI/vendor/laravel/framework/src/Illuminate/Container/BoundMethod.php(35): Illuminate\\Container\\BoundMethod::callBoundMethod(Object(Illuminate\\Foundation\\Application), Array, Object(Closure))
#27 /home/n0o0b090lv/DEV/LANG/LARAVEL/NOOB_FYI/vendor/laravel/framework/src/Illuminate/Container/Container.php(803): Illuminate\\Container\\BoundMethod::call(Object(Illuminate\\Foundation\\Application), Array, Array, NULL)
#28 /home/n0o0b090lv/DEV/LANG/LARAVEL/NOOB_FYI/vendor/laravel/framework/src/Illuminate/Console/Command.php(292): Illuminate\\Container\\Container->call(Array)
#29 /home/n0o0b090lv/DEV/LANG/LARAVEL/NOOB_FYI/vendor/symfony/console/Command/Command.php(285): Illuminate\\Console\\Command->execute(Object(Symfony\\Component\\Console\\Input\\ArgvInput), Object(Illuminate\\Console\\OutputStyle))
#30 /home/n0o0b090lv/DEV/LANG/LARAVEL/NOOB_FYI/vendor/laravel/framework/src/Illuminate/Console/Command.php(261): Symfony\\Component\\Console\\Command\\Command->run(Object(Symfony\\Component\\Console\\Input\\ArgvInput), Object(Illuminate\\Console\\OutputStyle))
#31 /home/n0o0b090lv/DEV/LANG/LARAVEL/NOOB_FYI/vendor/symfony/console/Application.php(1144): Illuminate\\Console\\Command->run(Object(Symfony\\Component\\Console\\Input\\ArgvInput), Object(Symfony\\Component\\Console\\Output\\ConsoleOutput))
#32 /home/n0o0b090lv/DEV/LANG/LARAVEL/NOOB_FYI/vendor/symfony/console/Application.php(379): Symfony\\Component\\Console\\Application->doRunCommand(Object(Illuminate\\Queue\\Console\\WorkCommand), Object(Symfony\\Component\\Console\\Input\\ArgvInput), Object(Symfony\\Component\\Console\\Output\\ConsoleOutput))
#33 /home/n0o0b090lv/DEV/LANG/LARAVEL/NOOB_FYI/vendor/symfony/console/Application.php(218): Symfony\\Component\\Console\\Application->doRun(Object(Symfony\\Component\\Console\\Input\\ArgvInput), Object(Symfony\\Component\\Console\\Output\\ConsoleOutput))
#34 /home/n0o0b090lv/DEV/LANG/LARAVEL/NOOB_FYI/vendor/laravel/framework/src/Illuminate/Foundation/Console/Kernel.php(198): Symfony\\Component\\Console\\Application->run(Object(Symfony\\Component\\Console\\Input\\ArgvInput), Object(Symfony\\Component\\Console\\Output\\ConsoleOutput))
#35 /home/n0o0b090lv/DEV/LANG/LARAVEL/NOOB_FYI/vendor/laravel/framework/src/Illuminate/Foundation/Application.php(1242): Illuminate\\Foundation\\Console\\Kernel->handle(Object(Symfony\\Component\\Console\\Input\\ArgvInput), Object(Symfony\\Component\\Console\\Output\\ConsoleOutput))
#36 /home/n0o0b090lv/DEV/LANG/LARAVEL/NOOB_FYI/artisan(16): Illuminate\\Foundation\\Application->handleCommand(Object(Symfony\\Component\\Console\\Input\\ArgvInput))
#37 {main}
"} 
[2026-09-10 11:30:42] local.ERROR: SQLSTATE[HY000] [1698] Access denied for user 'root'@'localhost' (Connection: mariadb, Host: 127.0.0.1, Port: 3306, Database: noob_fyi, SQL: select * from `cache` where `key` in (laravel-cache-illuminate:queues:paused)) {"exception":"[object] (Illuminate\\Database\\QueryException(code: 1698): SQLSTATE[HY000] [1698] Access denied for user 'root'@'localhost' (Connection: mariadb, Host: 127.0.0.1, Port: 3306, Database: noob_fyi, SQL: select * from `cache` where `key` in (laravel-cache-illuminate:queues:paused)) at /home/n0o0b090lv/DEV/LANG/LARAVEL/NOOB_FYI/vendor/laravel/framework/src/Illuminate/Database/Connection.php:857)
[stacktrace]
#0 /home/n0o0b090lv/DEV/LANG/LARAVEL/NOOB_FYI/vendor/laravel/framework/src/Illuminate/Database/Connection.php(813): Illuminate\\Database\\Connection->runQueryCallback('select * from `...', Array, Object(Closure))
#1 /home/n0o0b090lv/DEV/LANG/LARAVEL/NOOB_FYI/vendor/laravel/framework/src/Illuminate/Database/Connection.php(426): Illuminate\\Database\\Connection->run('select * from `...', Array, Object(Closure))
#2 /home/n0o0b090lv/DEV/LANG/LARAVEL/NOOB_FYI/vendor/laravel/framework/src/Illuminate/Database/Query/Builder.php(3629): Illuminate\\Database\\Connection->select('select * from `...', Array, true, Array)
#3 /home/n0o0b090lv/DEV/LANG/LARAVEL/NOOB_FYI/vendor/laravel/framework/src/Illuminate/Database/Query/Builder.php(3613): Illuminate\\Database\\Query\\Builder->runSelect()
#4 /home/n0o0b090lv/DEV/LANG/LARAVEL/NOOB_FYI/vendor/laravel/framework/src/Illuminate/Cache/DatabaseStore.php(142): Illuminate\\Database\\Query\\Builder->get()
#5 /home/n0o0b090lv/DEV/LANG/LARAVEL/NOOB_FYI/vendor/laravel/framework/src/Illuminate/Cache/DatabaseStore.php(117): Illuminate\\Cache\\DatabaseStore->many(Array)
#6 /home/n0o0b090lv/DEV/LANG/LARAVEL/NOOB_FYI/vendor/laravel/framework/src/Illuminate/Cache/Repository.php(138): Illuminate\\Cache\\DatabaseStore->get('illuminate:queu...')
#7 /home/n0o0b090lv/DEV/LANG/LARAVEL/NOOB_FYI/vendor/laravel/framework/src/Illuminate/Queue/QueueManager.php(347): Illuminate\\Cache\\Repository->get('illuminate:queu...')
#8 /home/n0o0b090lv/DEV/LANG/LARAVEL/NOOB_FYI/vendor/laravel/framework/src/Illuminate/Queue/Worker.php(509): Illuminate\\Queue\\QueueManager->getPausedQueues('database', Array)
#9 /home/n0o0b090lv/DEV/LANG/LARAVEL/NOOB_FYI/vendor/laravel/framework/src/Illuminate/Queue/Worker.php(466): Illuminate\\Queue\\Worker->getPausedQueues('database', Array)
#10 /home/n0o0b090lv/DEV/LANG/LARAVEL/NOOB_FYI/vendor/laravel/framework/src/Illuminate/Queue/Worker.php(426): Illuminate\\Queue\\Worker->getNextJob(Object(Illuminate\\Queue\\DatabaseQueue), 'default')
#11 /home/n0o0b090lv/DEV/LANG/LARAVEL/NOOB_FYI/vendor/laravel/framework/src/Illuminate/Queue/Console/WorkCommand.php(152): Illuminate\\Queue\\Worker->runNextJob('database', 'default', Object(Illuminate\\Queue\\WorkerOptions))
#12 /home/n0o0b090lv/DEV/LANG/LARAVEL/NOOB_FYI/vendor/laravel/framework/src/Illuminate/Queue/Console/WorkCommand.php(135): Illuminate\\Queue\\Console\\WorkCommand->runWorker('database', 'default')
#13 /home/n0o0b090lv/DEV/LANG/LARAVEL/NOOB_FYI/vendor/laravel/framework/src/Illuminate/Container/BoundMethod.php(36): Illuminate\\Queue\\Console\\WorkCommand->handle()
#14 /home/n0o0b090lv/DEV/LANG/LARAVEL/NOOB_FYI/vendor/laravel/framework/src/Illuminate/Container/Util.php(43): Illuminate\\Container\\BoundMethod::{closure:Illuminate\\Container\\BoundMethod::call():35}()
#15 /home/n0o0b090lv/DEV/LANG/LARAVEL/NOOB_FYI/vendor/laravel/framework/src/Illuminate/Container/BoundMethod.php(96): Illuminate\\Container\\Util::unwrapIfClosure(Object(Closure))
#16 /home/n0o0b090lv/DEV/LANG/LARAVEL/NOOB_FYI/vendor/laravel/framework/src/Illuminate/Container/BoundMethod.php(35): Illuminate\\Container\\BoundMethod::callBoundMethod(Object(Illuminate\\Foundation\\Application), Array, Object(Closure))
#17 /home/n0o0b090lv/DEV/LANG/LARAVEL/NOOB_FYI/vendor/laravel/framework/src/Illuminate/Container/Container.php(803): Illuminate\\Container\\BoundMethod::call(Object(Illuminate\\Foundation\\Application), Array, Array, NULL)
#18 /home/n0o0b090lv/DEV/LANG/LARAVEL/NOOB_FYI/vendor/laravel/framework/src/Illuminate/Console/Command.php(292): Illuminate\\Container\\Container->call(Array)
#19 /home/n0o0b090lv/DEV/LANG/LARAVEL/NOOB_FYI/vendor/symfony/console/Command/Command.php(285): Illuminate\\Console\\Command->execute(Object(Symfony\\Component\\Console\\Input\\ArgvInput), Object(Illuminate\\Console\\OutputStyle))
#20 /home/n0o0b090lv/DEV/LANG/LARAVEL/NOOB_FYI/vendor/laravel/framework/src/Illuminate/Console/Command.php(261): Symfony\\Component\\Console\\Command\\Command->run(Object(Symfony\\Component\\Console\\Input\\ArgvInput), Object(Illuminate\\Console\\OutputStyle))
#21 /home/n0o0b090lv/DEV/LANG/LARAVEL/NOOB_FYI/vendor/symfony/console/Application.php(1144): Illuminate\\Console\\Command->run(Object(Symfony\\Component\\Console\\Input\\ArgvInput), Object(Symfony\\Component\\Console\\Output\\ConsoleOutput))
#22 /home/n0o0b090lv/DEV/LANG/LARAVEL/NOOB_FYI/vendor/symfony/console/Application.php(379): Symfony\\Component\\Console\\Application->doRunCommand(Object(Illuminate\\Queue\\Console\\WorkCommand), Object(Symfony\\Component\\Console\\Input\\ArgvInput), Object(Symfony\\Component\\Console\\Output\\ConsoleOutput))
#23 /home/n0o0b090lv/DEV/LANG/LARAVEL/NOOB_FYI/vendor/symfony/console/Application.php(218): Symfony\\Component\\Console\\Application->doRun(Object(Symfony\\Component\\Console\\Input\\ArgvInput), Object(Symfony\\Component\\Console\\Output\\ConsoleOutput))
#24 /home/n0o0b090lv/DEV/LANG/LARAVEL/NOOB_FYI/vendor/laravel/framework/src/Illuminate/Foundation/Console/Kernel.php(198): Symfony\\Component\\Console\\Application->run(Object(Symfony\\Component\\Console\\Input\\ArgvInput), Object(Symfony\\Component\\Console\\Output\\ConsoleOutput))
#25 /home/n0o0b090lv/DEV/LANG/LARAVEL/NOOB_FYI/vendor/laravel/framework/src/Illuminate/Foundation/Application.php(1242): Illuminate\\Foundation\\Console\\Kernel->handle(Object(Symfony\\Component\\Console\\Input\\ArgvInput), Object(Symfony\\Component\\Console\\Output\\ConsoleOutput))
#26 /home/n0o0b090lv/DEV/LANG/LARAVEL/NOOB_FYI/artisan(16): Illuminate\\Foundation\\Application->handleCommand(Object(Symfony\\Component\\Console\\Input\\ArgvInput))
#27 {main}

[previous exception] [object] (PDOException(code: 1698): SQLSTATE[HY000] [1698] Access denied for user 'root'@'localhost' at /home/n0o0b090lv/DEV/LANG/LARAVEL/NOOB_FYI/vendor/laravel/framework/src/Illuminate/Database/Connectors/Connector.php:67)
[stacktrace]
#0 /home/n0o0b090lv/DEV/LANG/LARAVEL/NOOB_FYI/vendor/laravel/framework/src/Illuminate/Database/Connectors/Connector.php(67): PDO::connect('mysql:host=127....', 'root', Object(SensitiveParameterValue), Array)
#1 /home/n0o0b090lv/DEV/LANG/LARAVEL/NOOB_FYI/vendor/laravel/framework/src/Illuminate/Database/Connectors/Connector.php(44): Illuminate\\Database\\Connectors\\Connector->createPdoConnection('mysql:host=127....', 'root', Object(SensitiveParameterValue), Array)
#2 /home/n0o0b090lv/DEV/LANG/LARAVEL/NOOB_FYI/vendor/laravel/framework/src/Illuminate/Database/Connectors/MySqlConnector.php(24): Illuminate\\Database\\Connectors\\Connector->createConnection('mysql:host=127....', Array, Array)
#3 /home/n0o0b090lv/DEV/LANG/LARAVEL/NOOB_FYI/vendor/laravel/framework/src/Illuminate/Database/Connectors/ConnectionFactory.php(220): Illuminate\\Database\\Connectors\\MySqlConnector->connect(Array)
#4 [internal function]: Illuminate\\Database\\Connectors\\ConnectionFactory->{closure:Illuminate\\Database\\Connectors\\ConnectionFactory::createPdoResolverWithHosts():213}()
#5 /home/n0o0b090lv/DEV/LANG/LARAVEL/NOOB_FYI/vendor/laravel/framework/src/Illuminate/Database/Connection.php(1298): call_user_func(Object(Closure))
#6 /home/n0o0b090lv/DEV/LANG/LARAVEL/NOOB_FYI/vendor/laravel/framework/src/Illuminate/Database/Connection.php(1336): Illuminate\\Database\\Connection->getPdo()
#7 /home/n0o0b090lv/DEV/LANG/LARAVEL/NOOB_FYI/vendor/laravel/framework/src/Illuminate/Database/Connection.php(542): Illuminate\\Database\\Connection->getReadPdo()
#8 /home/n0o0b090lv/DEV/LANG/LARAVEL/NOOB_FYI/vendor/laravel/framework/src/Illuminate/Database/Connection.php(435): Illuminate\\Database\\Connection->getPdoForSelect(true)
#9 /home/n0o0b090lv/DEV/LANG/LARAVEL/NOOB_FYI/vendor/laravel/framework/src/Illuminate/Database/Connection.php(846): Illuminate\\Database\\Connection->{closure:Illuminate\\Database\\Connection::select():426}('select * from `...', Array)
#10 /home/n0o0b090lv/DEV/LANG/LARAVEL/NOOB_FYI/vendor/laravel/framework/src/Illuminate/Database/Connection.php(813): Illuminate\\Database\\Connection->runQueryCallback('select * from `...', Array, Object(Closure))
#11 /home/n0o0b090lv/DEV/LANG/LARAVEL/NOOB_FYI/vendor/laravel/framework/src/Illuminate/Database/Connection.php(426): Illuminate\\Database\\Connection->run('select * from `...', Array, Object(Closure))
#12 /home/n0o0b090lv/DEV/LANG/LARAVEL/NOOB_FYI/vendor/laravel/framework/src/Illuminate/Database/Query/Builder.php(3629): Illuminate\\Database\\Connection->select('select * from `...', Array, true, Array)
#13 /home/n0o0b090lv/DEV/LANG/LARAVEL/NOOB_FYI/vendor/laravel/framework/src/Illuminate/Database/Query/Builder.php(3613): Illuminate\\Database\\Query\\Builder->runSelect()
#14 /home/n0o0b090lv/DEV/LANG/LARAVEL/NOOB_FYI/vendor/laravel/framework/src/Illuminate/Cache/DatabaseStore.php(142): Illuminate\\Database\\Query\\Builder->get()
#15 /home/n0o0b090lv/DEV/LANG/LARAVEL/NOOB_FYI/vendor/laravel/framework/src/Illuminate/Cache/DatabaseStore.php(117): Illuminate\\Cache\\DatabaseStore->many(Array)
#16 /home/n0o0b090lv/DEV/LANG/LARAVEL/NOOB_FYI/vendor/laravel/framework/src/Illuminate/Cache/Repository.php(138): Illuminate\\Cache\\DatabaseStore->get('illuminate:queu...')
#17 /home/n0o0b090lv/DEV/LANG/LARAVEL/NOOB_FYI/vendor/laravel/framework/src/Illuminate/Queue/QueueManager.php(347): Illuminate\\Cache\\Repository->get('illuminate:queu...')
#18 /home/n0o0b090lv/DEV/LANG/LARAVEL/NOOB_FYI/vendor/laravel/framework/src/Illuminate/Queue/Worker.php(509): Illuminate\\Queue\\QueueManager->getPausedQueues('database', Array)
#19 /home/n0o0b090lv/DEV/LANG/LARAVEL/NOOB_FYI/vendor/laravel/framework/src/Illuminate/Queue/Worker.php(466): Illuminate\\Queue\\Worker->getPausedQueues('database', Array)
#20 /home/n0o0b090lv/DEV/LANG/LARAVEL/NOOB_FYI/vendor/laravel/framework/src/Illuminate/Queue/Worker.php(426): Illuminate\\Queue\\Worker->getNextJob(Object(Illuminate\\Queue\\DatabaseQueue), 'default')
#21 /home/n0o0b090lv/DEV/LANG/LARAVEL/NOOB_FYI/vendor/laravel/framework/src/Illuminate/Queue/Console/WorkCommand.php(152): Illuminate\\Queue\\Worker->runNextJob('database', 'default', Object(Illuminate\\Queue\\WorkerOptions))
#22 /home/n0o0b090lv/DEV/LANG/LARAVEL/NOOB_FYI/vendor/laravel/framework/src/Illuminate/Queue/Console/WorkCommand.php(135): Illuminate\\Queue\\Console\\WorkCommand->runWorker('database', 'default')
#23 /home/n0o0b090lv/DEV/LANG/LARAVEL/NOOB_FYI/vendor/laravel/framework/src/Illuminate/Container/BoundMethod.php(36): Illuminate\\Queue\\Console\\WorkCommand->handle()
#24 /home/n0o0b090lv/DEV/LANG/LARAVEL/NOOB_FYI/vendor/laravel/framework/src/Illuminate/Container/Util.php(43): Illuminate\\Container\\BoundMethod::{closure:Illuminate\\Container\\BoundMethod::call():35}()
#25 /home/n0o0b090lv/DEV/LANG/LARAVEL/NOOB_FYI/vendor/laravel/framework/src/Illuminate/Container/BoundMethod.php(96): Illuminate\\Container\\Util::unwrapIfClosure(Object(Closure))
#26 /home/n0o0b090lv/DEV/LANG/LARAVEL/NOOB_FYI/vendor/laravel/framework/src/Illuminate/Container/BoundMethod.php(35): Illuminate\\Container\\BoundMethod::callBoundMethod(Object(Illuminate\\Foundation\\Application), Array, Object(Closure))
#27 /home/n0o0b090lv/DEV/LANG/LARAVEL/NOOB_FYI/vendor/laravel/framework/src/Illuminate/Container/Container.php(803): Illuminate\\Container\\BoundMethod::call(Object(Illuminate\\Foundation\\Application), Array, Array, NULL)
#28 /home/n0o0b090lv/DEV/LANG/LARAVEL/NOOB_FYI/vendor/laravel/framework/src/Illuminate/Console/Command.php(292): Illuminate\\Container\\Container->call(Array)
#29 /home/n0o0b090lv/DEV/LANG/LARAVEL/NOOB_FYI/vendor/symfony/console/Command/Command.php(285): Illuminate\\Console\\Command->execute(Object(Symfony\\Component\\Console\\Input\\ArgvInput), Object(Illuminate\\Console\\OutputStyle))
#30 /home/n0o0b090lv/DEV/LANG/LARAVEL/NOOB_FYI/vendor/laravel/framework/src/Illuminate/Console/Command.php(261): Symfony\\Component\\Console\\Command\\Command->run(Object(Symfony\\Component\\Console\\Input\\ArgvInput), Object(Illuminate\\Console\\OutputStyle))
#31 /home/n0o0b090lv/DEV/LANG/LARAVEL/NOOB_FYI/vendor/symfony/console/Application.php(1144): Illuminate\\Console\\Command->run(Object(Symfony\\Component\\Console\\Input\\ArgvInput), Object(Symfony\\Component\\Console\\Output\\ConsoleOutput))
#32 /home/n0o0b090lv/DEV/LANG/LARAVEL/NOOB_FYI/vendor/symfony/console/Application.php(379): Symfony\\Component\\Console\\Application->doRunCommand(Object(Illuminate\\Queue\\Console\\WorkCommand), Object(Symfony\\Component\\Console\\Input\\ArgvInput), Object(Symfony\\Component\\Console\\Output\\ConsoleOutput))
#33 /home/n0o0b090lv/DEV/LANG/LARAVEL/NOOB_FYI/vendor/symfony/console/Application.php(218): Symfony\\Component\\Console\\Application->doRun(Object(Symfony\\Component\\Console\\Input\\ArgvInput), Object(Symfony\\Component\\Console\\Output\\ConsoleOutput))
#34 /home/n0o0b090lv/DEV/LANG/LARAVEL/NOOB_FYI/vendor/laravel/framework/src/Illuminate/Foundation/Console/Kernel.php(198): Symfony\\Component\\Console\\Application->run(Object(Symfony\\Component\\Console\\Input\\ArgvInput), Object(Symfony\\Component\\Console\\Output\\ConsoleOutput))
#35 /home/n0o0b090lv/DEV/LANG/LARAVEL/NOOB_FYI/vendor/laravel/framework/src/Illuminate/Foundation/Application.php(1242): Illuminate\\Foundation\\Console\\Kernel->handle(Object(Symfony\\Component\\Console\\Input\\ArgvInput), Object(Symfony\\Component\\Console\\Output\\ConsoleOutput))
#36 /home/n0o0b090lv/DEV/LANG/LARAVEL/NOOB_FYI/artisan(16): Illuminate\\Foundation\\Application->handleCommand(Object(Symfony\\Component\\Console\\Input\\ArgvInput))
#37 {main}
"} 
[2026-09-10 11:30:47] local.ERROR: SQLSTATE[HY000] [1698] Access denied for user 'root'@'localhost' (Connection: mariadb, Host: 127.0.0.1, Port: 3306, Database: noob_fyi, SQL: select * from `cache` where `key` in (laravel-cache-illuminate:queues:paused)) {"exception":"[object] (Illuminate\\Database\\QueryException(code: 1698): SQLSTATE[HY000] [1698] Access denied for user 'root'@'localhost' (Connection: mariadb, Host: 127.0.0.1, Port: 3306, Database: noob_fyi, SQL: select * from `cache` where `key` in (laravel-cache-illuminate:queues:paused)) at /home/n0o0b090lv/DEV/LANG/LARAVEL/NOOB_FYI/vendor/laravel/framework/src/Illuminate/Database/Connection.php:857)
[stacktrace]
#0 /home/n0o0b090lv/DEV/LANG/LARAVEL/NOOB_FYI/vendor/laravel/framework/src/Illuminate/Database/Connection.php(813): Illuminate\\Database\\Connection->runQueryCallback('select * from `...', Array, Object(Closure))
#1 /home/n0o0b090lv/DEV/LANG/LARAVEL/NOOB_FYI/vendor/laravel/framework/src/Illuminate/Database/Connection.php(426): Illuminate\\Database\\Connection->run('select * from `...', Array, Object(Closure))
#2 /home/n0o0b090lv/DEV/LANG/LARAVEL/NOOB_FYI/vendor/laravel/framework/src/Illuminate/Database/Query/Builder.php(3629): Illuminate\\Database\\Connection->select('select * from `...', Array, true, Array)
#3 /home/n0o0b090lv/DEV/LANG/LARAVEL/NOOB_FYI/vendor/laravel/framework/src/Illuminate/Database/Query/Builder.php(3613): Illuminate\\Database\\Query\\Builder->runSelect()
#4 /home/n0o0b090lv/DEV/LANG/LARAVEL/NOOB_FYI/vendor/laravel/framework/src/Illuminate/Cache/DatabaseStore.php(142): Illuminate\\Database\\Query\\Builder->get()
#5 /home/n0o0b090lv/DEV/LANG/LARAVEL/NOOB_FYI/vendor/laravel/framework/src/Illuminate/Cache/DatabaseStore.php(117): Illuminate\\Cache\\DatabaseStore->many(Array)
#6 /home/n0o0b090lv/DEV/LANG/LARAVEL/NOOB_FYI/vendor/laravel/framework/src/Illuminate/Cache/Repository.php(138): Illuminate\\Cache\\DatabaseStore->get('illuminate:queu...')
#7 /home/n0o0b090lv/DEV/LANG/LARAVEL/NOOB_FYI/vendor/laravel/framework/src/Illuminate/Queue/QueueManager.php(347): Illuminate\\Cache\\Repository->get('illuminate:queu...')
#8 /home/n0o0b090lv/DEV/LANG/LARAVEL/NOOB_FYI/vendor/laravel/framework/src/Illuminate/Queue/Worker.php(509): Illuminate\\Queue\\QueueManager->getPausedQueues('database', Array)
#9 /home/n0o0b090lv/DEV/LANG/LARAVEL/NOOB_FYI/vendor/laravel/framework/src/Illuminate/Queue/Worker.php(466): Illuminate\\Queue\\Worker->getPausedQueues('database', Array)
#10 /home/n0o0b090lv/DEV/LANG/LARAVEL/NOOB_FYI/vendor/laravel/framework/src/Illuminate/Queue/Worker.php(426): Illuminate\\Queue\\Worker->getNextJob(Object(Illuminate\\Queue\\DatabaseQueue), 'default')
#11 /home/n0o0b090lv/DEV/LANG/LARAVEL/NOOB_FYI/vendor/laravel/framework/src/Illuminate/Queue/Console/WorkCommand.php(152): Illuminate\\Queue\\Worker->runNextJob('database', 'default', Object(Illuminate\\Queue\\WorkerOptions))
#12 /home/n0o0b090lv/DEV/LANG/LARAVEL/NOOB_FYI/vendor/laravel/framework/src/Illuminate/Queue/Console/WorkCommand.php(135): Illuminate\\Queue\\Console\\WorkCommand->runWorker('database', 'default')
#13 /home/n0o0b090lv/DEV/LANG/LARAVEL/NOOB_FYI/vendor/laravel/framework/src/Illuminate/Container/BoundMethod.php(36): Illuminate\\Queue\\Console\\WorkCommand->handle()
#14 /home/n0o0b090lv/DEV/LANG/LARAVEL/NOOB_FYI/vendor/laravel/framework/src/Illuminate/Container/Util.php(43): Illuminate\\Container\\BoundMethod::{closure:Illuminate\\Container\\BoundMethod::call():35}()
#15 /home/n0o0b090lv/DEV/LANG/LARAVEL/NOOB_FYI/vendor/laravel/framework/src/Illuminate/Container/BoundMethod.php(96): Illuminate\\Container\\Util::unwrapIfClosure(Object(Closure))
#16 /home/n0o0b090lv/DEV/LANG/LARAVEL/NOOB_FYI/vendor/laravel/framework/src/Illuminate/Container/BoundMethod.php(35): Illuminate\\Container\\BoundMethod::callBoundMethod(Object(Illuminate\\Foundation\\Application), Array, Object(Closure))
#17 /home/n0o0b090lv/DEV/LANG/LARAVEL/NOOB_FYI/vendor/laravel/framework/src/Illuminate/Container/Container.php(803): Illuminate\\Container\\BoundMethod::call(Object(Illuminate\\Foundation\\Application), Array, Array, NULL)
#18 /home/n0o0b090lv/DEV/LANG/LARAVEL/NOOB_FYI/vendor/laravel/framework/src/Illuminate/Console/Command.php(292): Illuminate\\Container\\Container->call(Array)
#19 /home/n0o0b090lv/DEV/LANG/LARAVEL/NOOB_FYI/vendor/symfony/console/Command/Command.php(285): Illuminate\\Console\\Command->execute(Object(Symfony\\Component\\Console\\Input\\ArgvInput), Object(Illuminate\\Console\\OutputStyle))
#20 /home/n0o0b090lv/DEV/LANG/LARAVEL/NOOB_FYI/vendor/laravel/framework/src/Illuminate/Console/Command.php(261): Symfony\\Component\\Console\\Command\\Command->run(Object(Symfony\\Component\\Console\\Input\\ArgvInput), Object(Illuminate\\Console\\OutputStyle))
#21 /home/n0o0b090lv/DEV/LANG/LARAVEL/NOOB_FYI/vendor/symfony/console/Application.php(1144): Illuminate\\Console\\Command->run(Object(Symfony\\Component\\Console\\Input\\ArgvInput), Object(Symfony\\Component\\Console\\Output\\ConsoleOutput))
#22 /home/n0o0b090lv/DEV/LANG/LARAVEL/NOOB_FYI/vendor/symfony/console/Application.php(379): Symfony\\Component\\Console\\Application->doRunCommand(Object(Illuminate\\Queue\\Console\\WorkCommand), Object(Symfony\\Component\\Console\\Input\\ArgvInput), Object(Symfony\\Component\\Console\\Output\\ConsoleOutput))
#23 /home/n0o0b090lv/DEV/LANG/LARAVEL/NOOB_FYI/vendor/symfony/console/Application.php(218): Symfony\\Component\\Console\\Application->doRun(Object(Symfony\\Component\\Console\\Input\\ArgvInput), Object(Symfony\\Component\\Console\\Output\\ConsoleOutput))
#24 /home/n0o0b090lv/DEV/LANG/LARAVEL/NOOB_FYI/vendor/laravel/framework/src/Illuminate/Foundation/Console/Kernel.php(198): Symfony\\Component\\Console\\Application->run(Object(Symfony\\Component\\Console\\Input\\ArgvInput), Object(Symfony\\Component\\Console\\Output\\ConsoleOutput))
#25 /home/n0o0b090lv/DEV/LANG/LARAVEL/NOOB_FYI/vendor/laravel/framework/src/Illuminate/Foundation/Application.php(1242): Illuminate\\Foundation\\Console\\Kernel->handle(Object(Symfony\\Component\\Console\\Input\\ArgvInput), Object(Symfony\\Component\\Console\\Output\\ConsoleOutput))
#26 /home/n0o0b090lv/DEV/LANG/LARAVEL/NOOB_FYI/artisan(16): Illuminate\\Foundation\\Application->handleCommand(Object(Symfony\\Component\\Console\\Input\\ArgvInput))
#27 {main}

[previous exception] [object] (PDOException(code: 1698): SQLSTATE[HY000] [1698] Access denied for user 'root'@'localhost' at /home/n0o0b090lv/DEV/LANG/LARAVEL/NOOB_FYI/vendor/laravel/framework/src/Illuminate/Database/Connectors/Connector.php:67)
[stacktrace]
#0 /home/n0o0b090lv/DEV/LANG/LARAVEL/NOOB_FYI/vendor/laravel/framework/src/Illuminate/Database/Connectors/Connector.php(67): PDO::connect('mysql:host=127....', 'root', Object(SensitiveParameterValue), Array)
#1 /home/n0o0b090lv/DEV/LANG/LARAVEL/NOOB_FYI/vendor/laravel/framework/src/Illuminate/Database/Connectors/Connector.php(44): Illuminate\\Database\\Connectors\\Connector->createPdoConnection('mysql:host=127....', 'root', Object(SensitiveParameterValue), Array)
#2 /home/n0o0b090lv/DEV/LANG/LARAVEL/NOOB_FYI/vendor/laravel/framework/src/Illuminate/Database/Connectors/MySqlConnector.php(24): Illuminate\\Database\\Connectors\\Connector->createConnection('mysql:host=127....', Array, Array)
#3 /home/n0o0b090lv/DEV/LANG/LARAVEL/NOOB_FYI/vendor/laravel/framework/src/Illuminate/Database/Connectors/ConnectionFactory.php(220): Illuminate\\Database\\Connectors\\MySqlConnector->connect(Array)
#4 [internal function]: Illuminate\\Database\\Connectors\\ConnectionFactory->{closure:Illuminate\\Database\\Connectors\\ConnectionFactory::createPdoResolverWithHosts():213}()
#5 /home/n0o0b090lv/DEV/LANG/LARAVEL/NOOB_FYI/vendor/laravel/framework/src/Illuminate/Database/Connection.php(1298): call_user_func(Object(Closure))
#6 /home/n0o0b090lv/DEV/LANG/LARAVEL/NOOB_FYI/vendor/laravel/framework/src/Illuminate/Database/Connection.php(1336): Illuminate\\Database\\Connection->getPdo()
#7 /home/n0o0b090lv/DEV/LANG/LARAVEL/NOOB_FYI/vendor/laravel/framework/src/Illuminate/Database/Connection.php(542): Illuminate\\Database\\Connection->getReadPdo()
#8 /home/n0o0b090lv/DEV/LANG/LARAVEL/NOOB_FYI/vendor/laravel/framework/src/Illuminate/Database/Connection.php(435): Illuminate\\Database\\Connection->getPdoForSelect(true)
#9 /home/n0o0b090lv/DEV/LANG/LARAVEL/NOOB_FYI/vendor/laravel/framework/src/Illuminate/Database/Connection.php(846): Illuminate\\Database\\Connection->{closure:Illuminate\\Database\\Connection::select():426}('select * from `...', Array)
#10 /home/n0o0b090lv/DEV/LANG/LARAVEL/NOOB_FYI/vendor/laravel/framework/src/Illuminate/Database/Connection.php(813): Illuminate\\Database\\Connection->runQueryCallback('select * from `...', Array, Object(Closure))
#11 /home/n0o0b090lv/DEV/LANG/LARAVEL/NOOB_FYI/vendor/laravel/framework/src/Illuminate/Database/Connection.php(426): Illuminate\\Database\\Connection->run('select * from `...', Array, Object(Closure))
#12 /home/n0o0b090lv/DEV/LANG/LARAVEL/NOOB_FYI/vendor/laravel/framework/src/Illuminate/Database/Query/Builder.php(3629): Illuminate\\Database\\Connection->select('select * from `...', Array, true, Array)
#13 /home/n0o0b090lv/DEV/LANG/LARAVEL/NOOB_FYI/vendor/laravel/framework/src/Illuminate/Database/Query/Builder.php(3613): Illuminate\\Database\\Query\\Builder->runSelect()
#14 /home/n0o0b090lv/DEV/LANG/LARAVEL/NOOB_FYI/vendor/laravel/framework/src/Illuminate/Cache/DatabaseStore.php(142): Illuminate\\Database\\Query\\Builder->get()
#15 /home/n0o0b090lv/DEV/LANG/LARAVEL/NOOB_FYI/vendor/laravel/framework/src/Illuminate/Cache/DatabaseStore.php(117): Illuminate\\Cache\\DatabaseStore->many(Array)
#16 /home/n0o0b090lv/DEV/LANG/LARAVEL/NOOB_FYI/vendor/laravel/framework/src/Illuminate/Cache/Repository.php(138): Illuminate\\Cache\\DatabaseStore->get('illuminate:queu...')
#17 /home/n0o0b090lv/DEV/LANG/LARAVEL/NOOB_FYI/vendor/laravel/framework/src/Illuminate/Queue/QueueManager.php(347): Illuminate\\Cache\\Repository->get('illuminate:queu...')
#18 /home/n0o0b090lv/DEV/LANG/LARAVEL/NOOB_FYI/vendor/laravel/framework/src/Illuminate/Queue/Worker.php(509): Illuminate\\Queue\\QueueManager->getPausedQueues('database', Array)
#19 /home/n0o0b090lv/DEV/LANG/LARAVEL/NOOB_FYI/vendor/laravel/framework/src/Illuminate/Queue/Worker.php(466): Illuminate\\Queue\\Worker->getPausedQueues('database', Array)
#20 /home/n0o0b090lv/DEV/LANG/LARAVEL/NOOB_FYI/vendor/laravel/framework/src/Illuminate/Queue/Worker.php(426): Illuminate\\Queue\\Worker->getNextJob(Object(Illuminate\\Queue\\DatabaseQueue), 'default')
#21 /home/n0o0b090lv/DEV/LANG/LARAVEL/NOOB_FYI/vendor/laravel/framework/src/Illuminate/Queue/Console/WorkCommand.php(152): Illuminate\\Queue\\Worker->runNextJob('database', 'default', Object(Illuminate\\Queue\\WorkerOptions))
#22 /home/n0o0b090lv/DEV/LANG/LARAVEL/NOOB_FYI/vendor/laravel/framework/src/Illuminate/Queue/Console/WorkCommand.php(135): Illuminate\\Queue\\Console\\WorkCommand->runWorker('database', 'default')
#23 /home/n0o0b090lv/DEV/LANG/LARAVEL/NOOB_FYI/vendor/laravel/framework/src/Illuminate/Container/BoundMethod.php(36): Illuminate\\Queue\\Console\\WorkCommand->handle()
#24 /home/n0o0b090lv/DEV/LANG/LARAVEL/NOOB_FYI/vendor/laravel/framework/src/Illuminate/Container/Util.php(43): Illuminate\\Container\\BoundMethod::{closure:Illuminate\\Container\\BoundMethod::call():35}()
#25 /home/n0o0b090lv/DEV/LANG/LARAVEL/NOOB_FYI/vendor/laravel/framework/src/Illuminate/Container/BoundMethod.php(96): Illuminate\\Container\\Util::unwrapIfClosure(Object(Closure))
#26 /home/n0o0b090lv/DEV/LANG/LARAVEL/NOOB_FYI/vendor/laravel/framework/src/Illuminate/Container/BoundMethod.php(35): Illuminate\\Container\\BoundMethod::callBoundMethod(Object(Illuminate\\Foundation\\Application), Array, Object(Closure))
#27 /home/n0o0b090lv/DEV/LANG/LARAVEL/NOOB_FYI/vendor/laravel/framework/src/Illuminate/Container/Container.php(803): Illuminate\\Container\\BoundMethod::call(Object(Illuminate\\Foundation\\Application), Array, Array, NULL)
#28 /home/n0o0b090lv/DEV/LANG/LARAVEL/NOOB_FYI/vendor/laravel/framework/src/Illuminate/Console/Command.php(292): Illuminate\\Container\\Container->call(Array)
#29 /home/n0o0b090lv/DEV/LANG/LARAVEL/NOOB_FYI/vendor/symfony/console/Command/Command.php(285): Illuminate\\Console\\Command->execute(Object(Symfony\\Component\\Console\\Input\\ArgvInput), Object(Illuminate\\Console\\OutputStyle))
#30 /home/n0o0b090lv/DEV/LANG/LARAVEL/NOOB_FYI/vendor/laravel/framework/src/Illuminate/Console/Command.php(261): Symfony\\Component\\Console\\Command\\Command->run(Object(Symfony\\Component\\Console\\Input\\ArgvInput), Object(Illuminate\\Console\\OutputStyle))
#31 /home/n0o0b090lv/DEV/LANG/LARAVEL/NOOB_FYI/vendor/symfony/console/Application.php(1144): Illuminate\\Console\\Command->run(Object(Symfony\\Component\\Console\\Input\\ArgvInput), Object(Symfony\\Component\\Console\\Output\\ConsoleOutput))
#32 /home/n0o0b090lv/DEV/LANG/LARAVEL/NOOB_FYI/vendor/symfony/console/Application.php(379): Symfony\\Component\\Console\\Application->doRunCommand(Object(Illuminate\\Queue\\Console\\WorkCommand), Object(Symfony\\Component\\Console\\Input\\ArgvInput), Object(Symfony\\Component\\Console\\Output\\ConsoleOutput))
#33 /home/n0o0b090lv/DEV/LANG/LARAVEL/NOOB_FYI/vendor/symfony/console/Application.php(218): Symfony\\Component\\Console\\Application->doRun(Object(Symfony\\Component\\Console\\Input\\ArgvInput), Object(Symfony\\Component\\Console\\Output\\ConsoleOutput))
#34 /home/n0o0b090lv/DEV/LANG/LARAVEL/NOOB_FYI/vendor/laravel/framework/src/Illuminate/Foundation/Console/Kernel.php(198): Symfony\\Component\\Console\\Application->run(Object(Symfony\\Component\\Console\\Input\\ArgvInput), Object(Symfony\\Component\\Console\\Output\\ConsoleOutput))
#35 /home/n0o0b090lv/DEV/LANG/LARAVEL/NOOB_FYI/vendor/laravel/framework/src/Illuminate/Foundation/Application.php(1242): Illuminate\\Foundation\\Console\\Kernel->handle(Object(Symfony\\Component\\Console\\Input\\ArgvInput), Object(Symfony\\Component\\Console\\Output\\ConsoleOutput))
#36 /home/n0o0b090lv/DEV/LANG/LARAVEL/NOOB_FYI/artisan(16): Illuminate\\Foundation\\Application->handleCommand(Object(Symfony\\Component\\Console\\Input\\ArgvInput))
#37 {main}
"} 
[2026-09-10 11:30:51] local.ERROR: SQLSTATE[HY000] [1698] Access denied for user 'root'@'localhost' (Connection: mariadb, Host: 127.0.0.1, Port: 3306, Database: noob_fyi, SQL: select * from `cache` where `key` in (laravel-cache-illuminate:queues:paused)) {"exception":"[object] (Illuminate\\Database\\QueryException(code: 1698): SQLSTATE[HY000] [1698] Access denied for user 'root'@'localhost' (Connection: mariadb, Host: 127.0.0.1, Port: 3306, Database: noob_fyi, SQL: select * from `cache` where `key` in (laravel-cache-illuminate:queues:paused)) at /home/n0o0b090lv/DEV/LANG/LARAVEL/NOOB_FYI/vendor/laravel/framework/src/Illuminate/Database/Connection.php:857)
[stacktrace]
#0 /home/n0o0b090lv/DEV/LANG/LARAVEL/NOOB_FYI/vendor/laravel/framework/src/Illuminate/Database/Connection.php(813): Illuminate\\Database\\Connection->runQueryCallback('select * from `...', Array, Object(Closure))
#1 /home/n0o0b090lv/DEV/LANG/LARAVEL/NOOB_FYI/vendor/laravel/framework/src/Illuminate/Database/Connection.php(426): Illuminate\\Database\\Connection->run('select * from `...', Array, Object(Closure))
#2 /home/n0o0b090lv/DEV/LANG/LARAVEL/NOOB_FYI/vendor/laravel/framework/src/Illuminate/Database/Query/Builder.php(3629): Illuminate\\Database\\Connection->select('select * from `...', Array, true, Array)
#3 /home/n0o0b090lv/DEV/LANG/LARAVEL/NOOB_FYI/vendor/laravel/framework/src/Illuminate/Database/Query/Builder.php(3613): Illuminate\\Database\\Query\\Builder->runSelect()
#4 /home/n0o0b090lv/DEV/LANG/LARAVEL/NOOB_FYI/vendor/laravel/framework/src/Illuminate/Cache/DatabaseStore.php(142): Illuminate\\Database\\Query\\Builder->get()
#5 /home/n0o0b090lv/DEV/LANG/LARAVEL/NOOB_FYI/vendor/laravel/framework/src/Illuminate/Cache/DatabaseStore.php(117): Illuminate\\Cache\\DatabaseStore->many(Array)
#6 /home/n0o0b090lv/DEV/LANG/LARAVEL/NOOB_FYI/vendor/laravel/framework/src/Illuminate/Cache/Repository.php(138): Illuminate\\Cache\\DatabaseStore->get('illuminate:queu...')
#7 /home/n0o0b090lv/DEV/LANG/LARAVEL/NOOB_FYI/vendor/laravel/framework/src/Illuminate/Queue/QueueManager.php(347): Illuminate\\Cache\\Repository->get('illuminate:queu...')
#8 /home/n0o0b090lv/DEV/LANG/LARAVEL/NOOB_FYI/vendor/laravel/framework/src/Illuminate/Queue/Worker.php(509): Illuminate\\Queue\\QueueManager->getPausedQueues('database', Array)
#9 /home/n0o0b090lv/DEV/LANG/LARAVEL/NOOB_FYI/vendor/laravel/framework/src/Illuminate/Queue/Worker.php(466): Illuminate\\Queue\\Worker->getPausedQueues('database', Array)
#10 /home/n0o0b090lv/DEV/LANG/LARAVEL/NOOB_FYI/vendor/laravel/framework/src/Illuminate/Queue/Worker.php(426): Illuminate\\Queue\\Worker->getNextJob(Object(Illuminate\\Queue\\DatabaseQueue), 'default')
#11 /home/n0o0b090lv/DEV/LANG/LARAVEL/NOOB_FYI/vendor/laravel/framework/src/Illuminate/Queue/Console/WorkCommand.php(152): Illuminate\\Queue\\Worker->runNextJob('database', 'default', Object(Illuminate\\Queue\\WorkerOptions))
#12 /home/n0o0b090lv/DEV/LANG/LARAVEL/NOOB_FYI/vendor/laravel/framework/src/Illuminate/Queue/Console/WorkCommand.php(135): Illuminate\\Queue\\Console\\WorkCommand->runWorker('database', 'default')
#13 /home/n0o0b090lv/DEV/LANG/LARAVEL/NOOB_FYI/vendor/laravel/framework/src/Illuminate/Container/BoundMethod.php(36): Illuminate\\Queue\\Console\\WorkCommand->handle()
#14 /home/n0o0b090lv/DEV/LANG/LARAVEL/NOOB_FYI/vendor/laravel/framework/src/Illuminate/Container/Util.php(43): Illuminate\\Container\\BoundMethod::{closure:Illuminate\\Container\\BoundMethod::call():35}()
#15 /home/n0o0b090lv/DEV/LANG/LARAVEL/NOOB_FYI/vendor/laravel/framework/src/Illuminate/Container/BoundMethod.php(96): Illuminate\\Container\\Util::unwrapIfClosure(Object(Closure))
#16 /home/n0o0b090lv/DEV/LANG/LARAVEL/NOOB_FYI/vendor/laravel/framework/src/Illuminate/Container/BoundMethod.php(35): Illuminate\\Container\\BoundMethod::callBoundMethod(Object(Illuminate\\Foundation\\Application), Array, Object(Closure))
#17 /home/n0o0b090lv/DEV/LANG/LARAVEL/NOOB_FYI/vendor/laravel/framework/src/Illuminate/Container/Container.php(803): Illuminate\\Container\\BoundMethod::call(Object(Illuminate\\Foundation\\Application), Array, Array, NULL)
#18 /home/n0o0b090lv/DEV/LANG/LARAVEL/NOOB_FYI/vendor/laravel/framework/src/Illuminate/Console/Command.php(292): Illuminate\\Container\\Container->call(Array)
#19 /home/n0o0b090lv/DEV/LANG/LARAVEL/NOOB_FYI/vendor/symfony/console/Command/Command.php(285): Illuminate\\Console\\Command->execute(Object(Symfony\\Component\\Console\\Input\\ArgvInput), Object(Illuminate\\Console\\OutputStyle))
#20 /home/n0o0b090lv/DEV/LANG/LARAVEL/NOOB_FYI/vendor/laravel/framework/src/Illuminate/Console/Command.php(261): Symfony\\Component\\Console\\Command\\Command->run(Object(Symfony\\Component\\Console\\Input\\ArgvInput), Object(Illuminate\\Console\\OutputStyle))
#21 /home/n0o0b090lv/DEV/LANG/LARAVEL/NOOB_FYI/vendor/symfony/console/Application.php(1144): Illuminate\\Console\\Command->run(Object(Symfony\\Component\\Console\\Input\\ArgvInput), Object(Symfony\\Component\\Console\\Output\\ConsoleOutput))
#22 /home/n0o0b090lv/DEV/LANG/LARAVEL/NOOB_FYI/vendor/symfony/console/Application.php(379): Symfony\\Component\\Console\\Application->doRunCommand(Object(Illuminate\\Queue\\Console\\WorkCommand), Object(Symfony\\Component\\Console\\Input\\ArgvInput), Object(Symfony\\Component\\Console\\Output\\ConsoleOutput))
#23 /home/n0o0b090lv/DEV/LANG/LARAVEL/NOOB_FYI/vendor/symfony/console/Application.php(218): Symfony\\Component\\Console\\Application->doRun(Object(Symfony\\Component\\Console\\Input\\ArgvInput), Object(Symfony\\Component\\Console\\Output\\ConsoleOutput))
#24 /home/n0o0b090lv/DEV/LANG/LARAVEL/NOOB_FYI/vendor/laravel/framework/src/Illuminate/Foundation/Console/Kernel.php(198): Symfony\\Component\\Console\\Application->run(Object(Symfony\\Component\\Console\\Input\\ArgvInput), Object(Symfony\\Component\\Console\\Output\\ConsoleOutput))
#25 /home/n0o0b090lv/DEV/LANG/LARAVEL/NOOB_FYI/vendor/laravel/framework/src/Illuminate/Foundation/Application.php(1242): Illuminate\\Foundation\\Console\\Kernel->handle(Object(Symfony\\Component\\Console\\Input\\ArgvInput), Object(Symfony\\Component\\Console\\Output\\ConsoleOutput))
#26 /home/n0o0b090lv/DEV/LANG/LARAVEL/NOOB_FYI/artisan(16): Illuminate\\Foundation\\Application->handleCommand(Object(Symfony\\Component\\Console\\Input\\ArgvInput))
#27 {main}

[previous exception] [object] (PDOException(code: 1698): SQLSTATE[HY000] [1698] Access denied for user 'root'@'localhost' at /home/n0o0b090lv/DEV/LANG/LARAVEL/NOOB_FYI/vendor/laravel/framework/src/Illuminate/Database/Connectors/Connector.php:67)
[stacktrace]
#0 /home/n0o0b090lv/DEV/LANG/LARAVEL/NOOB_FYI/vendor/laravel/framework/src/Illuminate/Database/Connectors/Connector.php(67): PDO::connect('mysql:host=127....', 'root', Object(SensitiveParameterValue), Array)
#1 /home/n0o0b090lv/DEV/LANG/LARAVEL/NOOB_FYI/vendor/laravel/framework/src/Illuminate/Database/Connectors/Connector.php(44): Illuminate\\Database\\Connectors\\Connector->createPdoConnection('mysql:host=127....', 'root', Object(SensitiveParameterValue), Array)
#2 /home/n0o0b090lv/DEV/LANG/LARAVEL/NOOB_FYI/vendor/laravel/framework/src/Illuminate/Database/Connectors/MySqlConnector.php(24): Illuminate\\Database\\Connectors\\Connector->createConnection('mysql:host=127....', Array, Array)
#3 /home/n0o0b090lv/DEV/LANG/LARAVEL/NOOB_FYI/vendor/laravel/framework/src/Illuminate/Database/Connectors/ConnectionFactory.php(220): Illuminate\\Database\\Connectors\\MySqlConnector->connect(Array)
#4 [internal function]: Illuminate\\Database\\Connectors\\ConnectionFactory->{closure:Illuminate\\Database\\Connectors\\ConnectionFactory::createPdoResolverWithHosts():213}()
#5 /home/n0o0b090lv/DEV/LANG/LARAVEL/NOOB_FYI/vendor/laravel/framework/src/Illuminate/Database/Connection.php(1298): call_user_func(Object(Closure))
#6 /home/n0o0b090lv/DEV/LANG/LARAVEL/NOOB_FYI/vendor/laravel/framework/src/Illuminate/Database/Connection.php(1336): Illuminate\\Database\\Connection->getPdo()
#7 /home/n0o0b090lv/DEV/LANG/LARAVEL/NOOB_FYI/vendor/laravel/framework/src/Illuminate/Database/Connection.php(542): Illuminate\\Database\\Connection->getReadPdo()
#8 /home/n0o0b090lv/DEV/LANG/LARAVEL/NOOB_FYI/vendor/laravel/framework/src/Illuminate/Database/Connection.php(435): Illuminate\\Database\\Connection->getPdoForSelect(true)
#9 /home/n0o0b090lv/DEV/LANG/LARAVEL/NOOB_FYI/vendor/laravel/framework/src/Illuminate/Database/Connection.php(846): Illuminate\\Database\\Connection->{closure:Illuminate\\Database\\Connection::select():426}('select * from `...', Array)
#10 /home/n0o0b090lv/DEV/LANG/LARAVEL/NOOB_FYI/vendor/laravel/framework/src/Illuminate/Database/Connection.php(813): Illuminate\\Database\\Connection->runQueryCallback('select * from `...', Array, Object(Closure))
#11 /home/n0o0b090lv/DEV/LANG/LARAVEL/NOOB_FYI/vendor/laravel/framework/src/Illuminate/Database/Connection.php(426): Illuminate\\Database\\Connection->run('select * from `...', Array, Object(Closure))
#12 /home/n0o0b090lv/DEV/LANG/LARAVEL/NOOB_FYI/vendor/laravel/framework/src/Illuminate/Database/Query/Builder.php(3629): Illuminate\\Database\\Connection->select('select * from `...', Array, true, Array)
#13 /home/n0o0b090lv/DEV/LANG/LARAVEL/NOOB_FYI/vendor/laravel/framework/src/Illuminate/Database/Query/Builder.php(3613): Illuminate\\Database\\Query\\Builder->runSelect()
#14 /home/n0o0b090lv/DEV/LANG/LARAVEL/NOOB_FYI/vendor/laravel/framework/src/Illuminate/Cache/DatabaseStore.php(142): Illuminate\\Database\\Query\\Builder->get()
#15 /home/n0o0b090lv/DEV/LANG/LARAVEL/NOOB_FYI/vendor/laravel/framework/src/Illuminate/Cache/DatabaseStore.php(117): Illuminate\\Cache\\DatabaseStore->many(Array)
#16 /home/n0o0b090lv/DEV/LANG/LARAVEL/NOOB_FYI/vendor/laravel/framework/src/Illuminate/Cache/Repository.php(138): Illuminate\\Cache\\DatabaseStore->get('illuminate:queu...')
#17 /home/n0o0b090lv/DEV/LANG/LARAVEL/NOOB_FYI/vendor/laravel/framework/src/Illuminate/Queue/QueueManager.php(347): Illuminate\\Cache\\Repository->get('illuminate:queu...')
#18 /home/n0o0b090lv/DEV/LANG/LARAVEL/NOOB_FYI/vendor/laravel/framework/src/Illuminate/Queue/Worker.php(509): Illuminate\\Queue\\QueueManager->getPausedQueues('database', Array)
#19 /home/n0o0b090lv/DEV/LANG/LARAVEL/NOOB_FYI/vendor/laravel/framework/src/Illuminate/Queue/Worker.php(466): Illuminate\\Queue\\Worker->getPausedQueues('database', Array)
#20 /home/n0o0b090lv/DEV/LANG/LARAVEL/NOOB_FYI/vendor/laravel/framework/src/Illuminate/Queue/Worker.php(426): Illuminate\\Queue\\Worker->getNextJob(Object(Illuminate\\Queue\\DatabaseQueue), 'default')
#21 /home/n0o0b090lv/DEV/LANG/LARAVEL/NOOB_FYI/vendor/laravel/framework/src/Illuminate/Queue/Console/WorkCommand.php(152): Illuminate\\Queue\\Worker->runNextJob('database', 'default', Object(Illuminate\\Queue\\WorkerOptions))
#22 /home/n0o0b090lv/DEV/LANG/LARAVEL/NOOB_FYI/vendor/laravel/framework/src/Illuminate/Queue/Console/WorkCommand.php(135): Illuminate\\Queue\\Console\\WorkCommand->runWorker('database', 'default')
#23 /home/n0o0b090lv/DEV/LANG/LARAVEL/NOOB_FYI/vendor/laravel/framework/src/Illuminate/Container/BoundMethod.php(36): Illuminate\\Queue\\Console\\WorkCommand->handle()
#24 /home/n0o0b090lv/DEV/LANG/LARAVEL/NOOB_FYI/vendor/laravel/framework/src/Illuminate/Container/Util.php(43): Illuminate\\Container\\BoundMethod::{closure:Illuminate\\Container\\BoundMethod::call():35}()
#25 /home/n0o0b090lv/DEV/LANG/LARAVEL/NOOB_FYI/vendor/laravel/framework/src/Illuminate/Container/BoundMethod.php(96): Illuminate\\Container\\Util::unwrapIfClosure(Object(Closure))
#26 /home/n0o0b090lv/DEV/LANG/LARAVEL/NOOB_FYI/vendor/laravel/framework/src/Illuminate/Container/BoundMethod.php(35): Illuminate\\Container\\BoundMethod::callBoundMethod(Object(Illuminate\\Foundation\\Application), Array, Object(Closure))
#27 /home/n0o0b090lv/DEV/LANG/LARAVEL/NOOB_FYI/vendor/laravel/framework/src/Illuminate/Container/Container.php(803): Illuminate\\Container\\BoundMethod::call(Object(Illuminate\\Foundation\\Application), Array, Array, NULL)
#28 /home/n0o0b090lv/DEV/LANG/LARAVEL/NOOB_FYI/vendor/laravel/framework/src/Illuminate/Console/Command.php(292): Illuminate\\Container\\Container->call(Array)
#29 /home/n0o0b090lv/DEV/LANG/LARAVEL/NOOB_FYI/vendor/symfony/console/Command/Command.php(285): Illuminate\\Console\\Command->execute(Object(Symfony\\Component\\Console\\Input\\ArgvInput), Object(Illuminate\\Console\\OutputStyle))
#30 /home/n0o0b090lv/DEV/LANG/LARAVEL/NOOB_FYI/vendor/laravel/framework/src/Illuminate/Console/Command.php(261): Symfony\\Component\\Console\\Command\\Command->run(Object(Symfony\\Component\\Console\\Input\\ArgvInput), Object(Illuminate\\Console\\OutputStyle))
#31 /home/n0o0b090lv/DEV/LANG/LARAVEL/NOOB_FYI/vendor/symfony/console/Application.php(1144): Illuminate\\Console\\Command->run(Object(Symfony\\Component\\Console\\Input\\ArgvInput), Object(Symfony\\Component\\Console\\Output\\ConsoleOutput))
#32 /home/n0o0b090lv/DEV/LANG/LARAVEL/NOOB_FYI/vendor/symfony/console/Application.php(379): Symfony\\Component\\Console\\Application->doRunCommand(Object(Illuminate\\Queue\\Console\\WorkCommand), Object(Symfony\\Component\\Console\\Input\\ArgvInput), Object(Symfony\\Component\\Console\\Output\\ConsoleOutput))
#33 /home/n0o0b090lv/DEV/LANG/LARAVEL/NOOB_FYI/vendor/symfony/console/Application.php(218): Symfony\\Component\\Console\\Application->doRun(Object(Symfony\\Component\\Console\\Input\\ArgvInput), Object(Symfony\\Component\\Console\\Output\\ConsoleOutput))
#34 /home/n0o0b090lv/DEV/LANG/LARAVEL/NOOB_FYI/vendor/laravel/framework/src/Illuminate/Foundation/Console/Kernel.php(198): Symfony\\Component\\Console\\Application->run(Object(Symfony\\Component\\Console\\Input\\ArgvInput), Object(Symfony\\Component\\Console\\Output\\ConsoleOutput))
#35 /home/n0o0b090lv/DEV/LANG/LARAVEL/NOOB_FYI/vendor/laravel/framework/src/Illuminate/Foundation/Application.php(1242): Illuminate\\Foundation\\Console\\Kernel->handle(Object(Symfony\\Component\\Console\\Input\\ArgvInput), Object(Symfony\\Component\\Console\\Output\\ConsoleOutput))
#36 /home/n0o0b090lv/DEV/LANG/LARAVEL/NOOB_FYI/artisan(16): Illuminate\\Foundation\\Application->handleCommand(Object(Symfony\\Component\\Console\\Input\\ArgvInput))
#37 {main}
"} 
[2026-09-10 11:30:55] local.ERROR: SQLSTATE[HY000] [1698] Access denied for user 'root'@'localhost' (Connection: mariadb, Host: 127.0.0.1, Port: 3306, Database: noob_fyi, SQL: select * from `cache` where `key` in (laravel-cache-illuminate:queues:paused)) {"exception":"[object] (Illuminate\\Database\\QueryException(code: 1698): SQLSTATE[HY000] [1698] Access denied for user 'root'@'localhost' (Connection: mariadb, Host: 127.0.0.1, Port: 3306, Database: noob_fyi, SQL: select * from `cache` where `key` in (laravel-cache-illuminate:queues:paused)) at /home/n0o0b090lv/DEV/LANG/LARAVEL/NOOB_FYI/vendor/laravel/framework/src/Illuminate/Database/Connection.php:857)
[stacktrace]
#0 /home/n0o0b090lv/DEV/LANG/LARAVEL/NOOB_FYI/vendor/laravel/framework/src/Illuminate/Database/Connection.php(813): Illuminate\\Database\\Connection->runQueryCallback('select * from `...', Array, Object(Closure))
#1 /home/n0o0b090lv/DEV/LANG/LARAVEL/NOOB_FYI/vendor/laravel/framework/src/Illuminate/Database/Connection.php(426): Illuminate\\Database\\Connection->run('select * from `...', Array, Object(Closure))
#2 /home/n0o0b090lv/DEV/LANG/LARAVEL/NOOB_FYI/vendor/laravel/framework/src/Illuminate/Database/Query/Builder.php(3629): Illuminate\\Database\\Connection->select('select * from `...', Array, true, Array)
#3 /home/n0o0b090lv/DEV/LANG/LARAVEL/NOOB_FYI/vendor/laravel/framework/src/Illuminate/Database/Query/Builder.php(3613): Illuminate\\Database\\Query\\Builder->runSelect()
#4 /home/n0o0b090lv/DEV/LANG/LARAVEL/NOOB_FYI/vendor/laravel/framework/src/Illuminate/Cache/DatabaseStore.php(142): Illuminate\\Database\\Query\\Builder->get()
#5 /home/n0o0b090lv/DEV/LANG/LARAVEL/NOOB_FYI/vendor/laravel/framework/src/Illuminate/Cache/DatabaseStore.php(117): Illuminate\\Cache\\DatabaseStore->many(Array)
#6 /home/n0o0b090lv/DEV/LANG/LARAVEL/NOOB_FYI/vendor/laravel/framework/src/Illuminate/Cache/Repository.php(138): Illuminate\\Cache\\DatabaseStore->get('illuminate:queu...')
#7 /home/n0o0b090lv/DEV/LANG/LARAVEL/NOOB_FYI/vendor/laravel/framework/src/Illuminate/Queue/QueueManager.php(347): Illuminate\\Cache\\Repository->get('illuminate:queu...')
#8 /home/n0o0b090lv/DEV/LANG/LARAVEL/NOOB_FYI/vendor/laravel/framework/src/Illuminate/Queue/Worker.php(509): Illuminate\\Queue\\QueueManager->getPausedQueues('database', Array)
#9 /home/n0o0b090lv/DEV/LANG/LARAVEL/NOOB_FYI/vendor/laravel/framework/src/Illuminate/Queue/Worker.php(466): Illuminate\\Queue\\Worker->getPausedQueues('database', Array)
#10 /home/n0o0b090lv/DEV/LANG/LARAVEL/NOOB_FYI/vendor/laravel/framework/src/Illuminate/Queue/Worker.php(426): Illuminate\\Queue\\Worker->getNextJob(Object(Illuminate\\Queue\\DatabaseQueue), 'default')
#11 /home/n0o0b090lv/DEV/LANG/LARAVEL/NOOB_FYI/vendor/laravel/framework/src/Illuminate/Queue/Console/WorkCommand.php(152): Illuminate\\Queue\\Worker->runNextJob('database', 'default', Object(Illuminate\\Queue\\WorkerOptions))
#12 /home/n0o0b090lv/DEV/LANG/LARAVEL/NOOB_FYI/vendor/laravel/framework/src/Illuminate/Queue/Console/WorkCommand.php(135): Illuminate\\Queue\\Console\\WorkCommand->runWorker('database', 'default')
#13 /home/n0o0b090lv/DEV/LANG/LARAVEL/NOOB_FYI/vendor/laravel/framework/src/Illuminate/Container/BoundMethod.php(36): Illuminate\\Queue\\Console\\WorkCommand->handle()
#14 /home/n0o0b090lv/DEV/LANG/LARAVEL/NOOB_FYI/vendor/laravel/framework/src/Illuminate/Container/Util.php(43): Illuminate\\Container\\BoundMethod::{closure:Illuminate\\Container\\BoundMethod::call():35}()
#15 /home/n0o0b090lv/DEV/LANG/LARAVEL/NOOB_FYI/vendor/laravel/framework/src/Illuminate/Container/BoundMethod.php(96): Illuminate\\Container\\Util::unwrapIfClosure(Object(Closure))
#16 /home/n0o0b090lv/DEV/LANG/LARAVEL/NOOB_FYI/vendor/laravel/framework/src/Illuminate/Container/BoundMethod.php(35): Illuminate\\Container\\BoundMethod::callBoundMethod(Object(Illuminate\\Foundation\\Application), Array, Object(Closure))
#17 /home/n0o0b090lv/DEV/LANG/LARAVEL/NOOB_FYI/vendor/laravel/framework/src/Illuminate/Container/Container.php(803): Illuminate\\Container\\BoundMethod::call(Object(Illuminate\\Foundation\\Application), Array, Array, NULL)
#18 /home/n0o0b090lv/DEV/LANG/LARAVEL/NOOB_FYI/vendor/laravel/framework/src/Illuminate/Console/Command.php(292): Illuminate\\Container\\Container->call(Array)
#19 /home/n0o0b090lv/DEV/LANG/LARAVEL/NOOB_FYI/vendor/symfony/console/Command/Command.php(285): Illuminate\\Console\\Command->execute(Object(Symfony\\Component\\Console\\Input\\ArgvInput), Object(Illuminate\\Console\\OutputStyle))
#20 /home/n0o0b090lv/DEV/LANG/LARAVEL/NOOB_FYI/vendor/laravel/framework/src/Illuminate/Console/Command.php(261): Symfony\\Component\\Console\\Command\\Command->run(Object(Symfony\\Component\\Console\\Input\\ArgvInput), Object(Illuminate\\Console\\OutputStyle))
#21 /home/n0o0b090lv/DEV/LANG/LARAVEL/NOOB_FYI/vendor/symfony/console/Application.php(1144): Illuminate\\Console\\Command->run(Object(Symfony\\Component\\Console\\Input\\ArgvInput), Object(Symfony\\Component\\Console\\Output\\ConsoleOutput))
#22 /home/n0o0b090lv/DEV/LANG/LARAVEL/NOOB_FYI/vendor/symfony/console/Application.php(379): Symfony\\Component\\Console\\Application->doRunCommand(Object(Illuminate\\Queue\\Console\\WorkCommand), Object(Symfony\\Component\\Console\\Input\\ArgvInput), Object(Symfony\\Component\\Console\\Output\\ConsoleOutput))
#23 /home/n0o0b090lv/DEV/LANG/LARAVEL/NOOB_FYI/vendor/symfony/console/Application.php(218): Symfony\\Component\\Console\\Application->doRun(Object(Symfony\\Component\\Console\\Input\\ArgvInput), Object(Symfony\\Component\\Console\\Output\\ConsoleOutput))
#24 /home/n0o0b090lv/DEV/LANG/LARAVEL/NOOB_FYI/vendor/laravel/framework/src/Illuminate/Foundation/Console/Kernel.php(198): Symfony\\Component\\Console\\Application->run(Object(Symfony\\Component\\Console\\Input\\ArgvInput), Object(Symfony\\Component\\Console\\Output\\ConsoleOutput))
#25 /home/n0o0b090lv/DEV/LANG/LARAVEL/NOOB_FYI/vendor/laravel/framework/src/Illuminate/Foundation/Application.php(1242): Illuminate\\Foundation\\Console\\Kernel->handle(Object(Symfony\\Component\\Console\\Input\\ArgvInput), Object(Symfony\\Component\\Console\\Output\\ConsoleOutput))
#26 /home/n0o0b090lv/DEV/LANG/LARAVEL/NOOB_FYI/artisan(16): Illuminate\\Foundation\\Application->handleCommand(Object(Symfony\\Component\\Console\\Input\\ArgvInput))
#27 {main}

[previous exception] [object] (PDOException(code: 1698): SQLSTATE[HY000] [1698] Access denied for user 'root'@'localhost' at /home/n0o0b090lv/DEV/LANG/LARAVEL/NOOB_FYI/vendor/laravel/framework/src/Illuminate/Database/Connectors/Connector.php:67)
[stacktrace]
#0 /home/n0o0b090lv/DEV/LANG/LARAVEL/NOOB_FYI/vendor/laravel/framework/src/Illuminate/Database/Connectors/Connector.php(67): PDO::connect('mysql:host=127....', 'root', Object(SensitiveParameterValue), Array)
#1 /home/n0o0b090lv/DEV/LANG/LARAVEL/NOOB_FYI/vendor/laravel/framework/src/Illuminate/Database/Connectors/Connector.php(44): Illuminate\\Database\\Connectors\\Connector->createPdoConnection('mysql:host=127....', 'root', Object(SensitiveParameterValue), Array)
#2 /home/n0o0b090lv/DEV/LANG/LARAVEL/NOOB_FYI/vendor/laravel/framework/src/Illuminate/Database/Connectors/MySqlConnector.php(24): Illuminate\\Database\\Connectors\\Connector->createConnection('mysql:host=127....', Array, Array)
#3 /home/n0o0b090lv/DEV/LANG/LARAVEL/NOOB_FYI/vendor/laravel/framework/src/Illuminate/Database/Connectors/ConnectionFactory.php(220): Illuminate\\Database\\Connectors\\MySqlConnector->connect(Array)
#4 [internal function]: Illuminate\\Database\\Connectors\\ConnectionFactory->{closure:Illuminate\\Database\\Connectors\\ConnectionFactory::createPdoResolverWithHosts():213}()
#5 /home/n0o0b090lv/DEV/LANG/LARAVEL/NOOB_FYI/vendor/laravel/framework/src/Illuminate/Database/Connection.php(1298): call_user_func(Object(Closure))
#6 /home/n0o0b090lv/DEV/LANG/LARAVEL/NOOB_FYI/vendor/laravel/framework/src/Illuminate/Database/Connection.php(1336): Illuminate\\Database\\Connection->getPdo()
#7 /home/n0o0b090lv/DEV/LANG/LARAVEL/NOOB_FYI/vendor/laravel/framework/src/Illuminate/Database/Connection.php(542): Illuminate\\Database\\Connection->getReadPdo()
#8 /home/n0o0b090lv/DEV/LANG/LARAVEL/NOOB_FYI/vendor/laravel/framework/src/Illuminate/Database/Connection.php(435): Illuminate\\Database\\Connection->getPdoForSelect(true)
#9 /home/n0o0b090lv/DEV/LANG/LARAVEL/NOOB_FYI/vendor/laravel/framework/src/Illuminate/Database/Connection.php(846): Illuminate\\Database\\Connection->{closure:Illuminate\\Database\\Connection::select():426}('select * from `...', Array)
#10 /home/n0o0b090lv/DEV/LANG/LARAVEL/NOOB_FYI/vendor/laravel/framework/src/Illuminate/Database/Connection.php(813): Illuminate\\Database\\Connection->runQueryCallback('select * from `...', Array, Object(Closure))
#11 /home/n0o0b090lv/DEV/LANG/LARAVEL/NOOB_FYI/vendor/laravel/framework/src/Illuminate/Database/Connection.php(426): Illuminate\\Database\\Connection->run('select * from `...', Array, Object(Closure))
#12 /home/n0o0b090lv/DEV/LANG/LARAVEL/NOOB_FYI/vendor/laravel/framework/src/Illuminate/Database/Query/Builder.php(3629): Illuminate\\Database\\Connection->select('select * from `...', Array, true, Array)
#13 /home/n0o0b090lv/DEV/LANG/LARAVEL/NOOB_FYI/vendor/laravel/framework/src/Illuminate/Database/Query/Builder.php(3613): Illuminate\\Database\\Query\\Builder->runSelect()
#14 /home/n0o0b090lv/DEV/LANG/LARAVEL/NOOB_FYI/vendor/laravel/framework/src/Illuminate/Cache/DatabaseStore.php(142): Illuminate\\Database\\Query\\Builder->get()
#15 /home/n0o0b090lv/DEV/LANG/LARAVEL/NOOB_FYI/vendor/laravel/framework/src/Illuminate/Cache/DatabaseStore.php(117): Illuminate\\Cache\\DatabaseStore->many(Array)
#16 /home/n0o0b090lv/DEV/LANG/LARAVEL/NOOB_FYI/vendor/laravel/framework/src/Illuminate/Cache/Repository.php(138): Illuminate\\Cache\\DatabaseStore->get('illuminate:queu...')
#17 /home/n0o0b090lv/DEV/LANG/LARAVEL/NOOB_FYI/vendor/laravel/framework/src/Illuminate/Queue/QueueManager.php(347): Illuminate\\Cache\\Repository->get('illuminate:queu...')
#18 /home/n0o0b090lv/DEV/LANG/LARAVEL/NOOB_FYI/vendor/laravel/framework/src/Illuminate/Queue/Worker.php(509): Illuminate\\Queue\\QueueManager->getPausedQueues('database', Array)
#19 /home/n0o0b090lv/DEV/LANG/LARAVEL/NOOB_FYI/vendor/laravel/framework/src/Illuminate/Queue/Worker.php(466): Illuminate\\Queue\\Worker->getPausedQueues('database', Array)
#20 /home/n0o0b090lv/DEV/LANG/LARAVEL/NOOB_FYI/vendor/laravel/framework/src/Illuminate/Queue/Worker.php(426): Illuminate\\Queue\\Worker->getNextJob(Object(Illuminate\\Queue\\DatabaseQueue), 'default')
#21 /home/n0o0b090lv/DEV/LANG/LARAVEL/NOOB_FYI/vendor/laravel/framework/src/Illuminate/Queue/Console/WorkCommand.php(152): Illuminate\\Queue\\Worker->runNextJob('database', 'default', Object(Illuminate\\Queue\\WorkerOptions))
#22 /home/n0o0b090lv/DEV/LANG/LARAVEL/NOOB_FYI/vendor/laravel/framework/src/Illuminate/Queue/Console/WorkCommand.php(135): Illuminate\\Queue\\Console\\WorkCommand->runWorker('database', 'default')
#23 /home/n0o0b090lv/DEV/LANG/LARAVEL/NOOB_FYI/vendor/laravel/framework/src/Illuminate/Container/BoundMethod.php(36): Illuminate\\Queue\\Console\\WorkCommand->handle()
#24 /home/n0o0b090lv/DEV/LANG/LARAVEL/NOOB_FYI/vendor/laravel/framework/src/Illuminate/Container/Util.php(43): Illuminate\\Container\\BoundMethod::{closure:Illuminate\\Container\\BoundMethod::call():35}()
#25 /home/n0o0b090lv/DEV/LANG/LARAVEL/NOOB_FYI/vendor/laravel/framework/src/Illuminate/Container/BoundMethod.php(96): Illuminate\\Container\\Util::unwrapIfClosure(Object(Closure))
#26 /home/n0o0b090lv/DEV/LANG/LARAVEL/NOOB_FYI/vendor/laravel/framework/src/Illuminate/Container/BoundMethod.php(35): Illuminate\\Container\\BoundMethod::callBoundMethod(Object(Illuminate\\Foundation\\Application), Array, Object(Closure))
#27 /home/n0o0b090lv/DEV/LANG/LARAVEL/NOOB_FYI/vendor/laravel/framework/src/Illuminate/Container/Container.php(803): Illuminate\\Container\\BoundMethod::call(Object(Illuminate\\Foundation\\Application), Array, Array, NULL)
#28 /home/n0o0b090lv/DEV/LANG/LARAVEL/NOOB_FYI/vendor/laravel/framework/src/Illuminate/Console/Command.php(292): Illuminate\\Container\\Container->call(Array)
#29 /home/n0o0b090lv/DEV/LANG/LARAVEL/NOOB_FYI/vendor/symfony/console/Command/Command.php(285): Illuminate\\Console\\Command->execute(Object(Symfony\\Component\\Console\\Input\\ArgvInput), Object(Illuminate\\Console\\OutputStyle))
#30 /home/n0o0b090lv/DEV/LANG/LARAVEL/NOOB_FYI/vendor/laravel/framework/src/Illuminate/Console/Command.php(261): Symfony\\Component\\Console\\Command\\Command->run(Object(Symfony\\Component\\Console\\Input\\ArgvInput), Object(Illuminate\\Console\\OutputStyle))
#31 /home/n0o0b090lv/DEV/LANG/LARAVEL/NOOB_FYI/vendor/symfony/console/Application.php(1144): Illuminate\\Console\\Command->run(Object(Symfony\\Component\\Console\\Input\\ArgvInput), Object(Symfony\\Component\\Console\\Output\\ConsoleOutput))
#32 /home/n0o0b090lv/DEV/LANG/LARAVEL/NOOB_FYI/vendor/symfony/console/Application.php(379): Symfony\\Component\\Console\\Application->doRunCommand(Object(Illuminate\\Queue\\Console\\WorkCommand), Object(Symfony\\Component\\Console\\Input\\ArgvInput), Object(Symfony\\Component\\Console\\Output\\ConsoleOutput))
#33 /home/n0o0b090lv/DEV/LANG/LARAVEL/NOOB_FYI/vendor/symfony/console/Application.php(218): Symfony\\Component\\Console\\Application->doRun(Object(Symfony\\Component\\Console\\Input\\ArgvInput), Object(Symfony\\Component\\Console\\Output\\ConsoleOutput))
#34 /home/n0o0b090lv/DEV/LANG/LARAVEL/NOOB_FYI/vendor/laravel/framework/src/Illuminate/Foundation/Console/Kernel.php(198): Symfony\\Component\\Console\\Application->run(Object(Symfony\\Component\\Console\\Input\\ArgvInput), Object(Symfony\\Component\\Console\\Output\\ConsoleOutput))
#35 /home/n0o0b090lv/DEV/LANG/LARAVEL/NOOB_FYI/vendor/laravel/framework/src/Illuminate/Foundation/Application.php(1242): Illuminate\\Foundation\\Console\\Kernel->handle(Object(Symfony\\Component\\Console\\Input\\ArgvInput), Object(Symfony\\Component\\Console\\Output\\ConsoleOutput))
#36 /home/n0o0b090lv/DEV/LANG/LARAVEL/NOOB_FYI/artisan(16): Illuminate\\Foundation\\Application->handleCommand(Object(Symfony\\Component\\Console\\Input\\ArgvInput))
#37 {main}
"} 
[2026-09-10 11:31:00] local.ERROR: SQLSTATE[HY000] [1698] Access denied for user 'root'@'localhost' (Connection: mariadb, Host: 127.0.0.1, Port: 3306, Database: noob_fyi, SQL: select * from `cache` where `key` in (laravel-cache-illuminate:queues:paused)) {"exception":"[object] (Illuminate\\Database\\QueryException(code: 1698): SQLSTATE[HY000] [1698] Access denied for user 'root'@'localhost' (Connection: mariadb, Host: 127.0.0.1, Port: 3306, Database: noob_fyi, SQL: select * from `cache` where `key` in (laravel-cache-illuminate:queues:paused)) at /home/n0o0b090lv/DEV/LANG/LARAVEL/NOOB_FYI/vendor/laravel/framework/src/Illuminate/Database/Connection.php:857)
[stacktrace]
#0 /home/n0o0b090lv/DEV/LANG/LARAVEL/NOOB_FYI/vendor/laravel/framework/src/Illuminate/Database/Connection.php(813): Illuminate\\Database\\Connection->runQueryCallback('select * from `...', Array, Object(Closure))
#1 /home/n0o0b090lv/DEV/LANG/LARAVEL/NOOB_FYI/vendor/laravel/framework/src/Illuminate/Database/Connection.php(426): Illuminate\\Database\\Connection->run('select * from `...', Array, Object(Closure))
#2 /home/n0o0b090lv/DEV/LANG/LARAVEL/NOOB_FYI/vendor/laravel/framework/src/Illuminate/Database/Query/Builder.php(3629): Illuminate\\Database\\Connection->select('select * from `...', Array, true, Array)
#3 /home/n0o0b090lv/DEV/LANG/LARAVEL/NOOB_FYI/vendor/laravel/framework/src/Illuminate/Database/Query/Builder.php(3613): Illuminate\\Database\\Query\\Builder->runSelect()
#4 /home/n0o0b090lv/DEV/LANG/LARAVEL/NOOB_FYI/vendor/laravel/framework/src/Illuminate/Cache/DatabaseStore.php(142): Illuminate\\Database\\Query\\Builder->get()
#5 /home/n0o0b090lv/DEV/LANG/LARAVEL/NOOB_FYI/vendor/laravel/framework/src/Illuminate/Cache/DatabaseStore.php(117): Illuminate\\Cache\\DatabaseStore->many(Array)
#6 /home/n0o0b090lv/DEV/LANG/LARAVEL/NOOB_FYI/vendor/laravel/framework/src/Illuminate/Cache/Repository.php(138): Illuminate\\Cache\\DatabaseStore->get('illuminate:queu...')
#7 /home/n0o0b090lv/DEV/LANG/LARAVEL/NOOB_FYI/vendor/laravel/framework/src/Illuminate/Queue/QueueManager.php(347): Illuminate\\Cache\\Repository->get('illuminate:queu...')
#8 /home/n0o0b090lv/DEV/LANG/LARAVEL/NOOB_FYI/vendor/laravel/framework/src/Illuminate/Queue/Worker.php(509): Illuminate\\Queue\\QueueManager->getPausedQueues('database', Array)
#9 /home/n0o0b090lv/DEV/LANG/LARAVEL/NOOB_FYI/vendor/laravel/framework/src/Illuminate/Queue/Worker.php(466): Illuminate\\Queue\\Worker->getPausedQueues('database', Array)
#10 /home/n0o0b090lv/DEV/LANG/LARAVEL/NOOB_FYI/vendor/laravel/framework/src/Illuminate/Queue/Worker.php(426): Illuminate\\Queue\\Worker->getNextJob(Object(Illuminate\\Queue\\DatabaseQueue), 'default')
#11 /home/n0o0b090lv/DEV/LANG/LARAVEL/NOOB_FYI/vendor/laravel/framework/src/Illuminate/Queue/Console/WorkCommand.php(152): Illuminate\\Queue\\Worker->runNextJob('database', 'default', Object(Illuminate\\Queue\\WorkerOptions))
#12 /home/n0o0b090lv/DEV/LANG/LARAVEL/NOOB_FYI/vendor/laravel/framework/src/Illuminate/Queue/Console/WorkCommand.php(135): Illuminate\\Queue\\Console\\WorkCommand->runWorker('database', 'default')
#13 /home/n0o0b090lv/DEV/LANG/LARAVEL/NOOB_FYI/vendor/laravel/framework/src/Illuminate/Container/BoundMethod.php(36): Illuminate\\Queue\\Console\\WorkCommand->handle()
#14 /home/n0o0b090lv/DEV/LANG/LARAVEL/NOOB_FYI/vendor/laravel/framework/src/Illuminate/Container/Util.php(43): Illuminate\\Container\\BoundMethod::{closure:Illuminate\\Container\\BoundMethod::call():35}()
#15 /home/n0o0b090lv/DEV/LANG/LARAVEL/NOOB_FYI/vendor/laravel/framework/src/Illuminate/Container/BoundMethod.php(96): Illuminate\\Container\\Util::unwrapIfClosure(Object(Closure))
#16 /home/n0o0b090lv/DEV/LANG/LARAVEL/NOOB_FYI/vendor/laravel/framework/src/Illuminate/Container/BoundMethod.php(35): Illuminate\\Container\\BoundMethod::callBoundMethod(Object(Illuminate\\Foundation\\Application), Array, Object(Closure))
#17 /home/n0o0b090lv/DEV/LANG/LARAVEL/NOOB_FYI/vendor/laravel/framework/src/Illuminate/Container/Container.php(803): Illuminate\\Container\\BoundMethod::call(Object(Illuminate\\Foundation\\Application), Array, Array, NULL)
#18 /home/n0o0b090lv/DEV/LANG/LARAVEL/NOOB_FYI/vendor/laravel/framework/src/Illuminate/Console/Command.php(292): Illuminate\\Container\\Container->call(Array)
#19 /home/n0o0b090lv/DEV/LANG/LARAVEL/NOOB_FYI/vendor/symfony/console/Command/Command.php(285): Illuminate\\Console\\Command->execute(Object(Symfony\\Component\\Console\\Input\\ArgvInput), Object(Illuminate\\Console\\OutputStyle))
#20 /home/n0o0b090lv/DEV/LANG/LARAVEL/NOOB_FYI/vendor/laravel/framework/src/Illuminate/Console/Command.php(261): Symfony\\Component\\Console\\Command\\Command->run(Object(Symfony\\Component\\Console\\Input\\ArgvInput), Object(Illuminate\\Console\\OutputStyle))
#21 /home/n0o0b090lv/DEV/LANG/LARAVEL/NOOB_FYI/vendor/symfony/console/Application.php(1144): Illuminate\\Console\\Command->run(Object(Symfony\\Component\\Console\\Input\\ArgvInput), Object(Symfony\\Component\\Console\\Output\\ConsoleOutput))
#22 /home/n0o0b090lv/DEV/LANG/LARAVEL/NOOB_FYI/vendor/symfony/console/Application.php(379): Symfony\\Component\\Console\\Application->doRunCommand(Object(Illuminate\\Queue\\Console\\WorkCommand), Object(Symfony\\Component\\Console\\Input\\ArgvInput), Object(Symfony\\Component\\Console\\Output\\ConsoleOutput))
#23 /home/n0o0b090lv/DEV/LANG/LARAVEL/NOOB_FYI/vendor/symfony/console/Application.php(218): Symfony\\Component\\Console\\Application->doRun(Object(Symfony\\Component\\Console\\Input\\ArgvInput), Object(Symfony\\Component\\Console\\Output\\ConsoleOutput))
#24 /home/n0o0b090lv/DEV/LANG/LARAVEL/NOOB_FYI/vendor/laravel/framework/src/Illuminate/Foundation/Console/Kernel.php(198): Symfony\\Component\\Console\\Application->run(Object(Symfony\\Component\\Console\\Input\\ArgvInput), Object(Symfony\\Component\\Console\\Output\\ConsoleOutput))
#25 /home/n0o0b090lv/DEV/LANG/LARAVEL/NOOB_FYI/vendor/laravel/framework/src/Illuminate/Foundation/Application.php(1242): Illuminate\\Foundation\\Console\\Kernel->handle(Object(Symfony\\Component\\Console\\Input\\ArgvInput), Object(Symfony\\Component\\Console\\Output\\ConsoleOutput))
#26 /home/n0o0b090lv/DEV/LANG/LARAVEL/NOOB_FYI/artisan(16): Illuminate\\Foundation\\Application->handleCommand(Object(Symfony\\Component\\Console\\Input\\ArgvInput))
#27 {main}

[previous exception] [object] (PDOException(code: 1698): SQLSTATE[HY000] [1698] Access denied for user 'root'@'localhost' at /home/n0o0b090lv/DEV/LANG/LARAVEL/NOOB_FYI/vendor/laravel/framework/src/Illuminate/Database/Connectors/Connector.php:67)
[stacktrace]
#0 /home/n0o0b090lv/DEV/LANG/LARAVEL/NOOB_FYI/vendor/laravel/framework/src/Illuminate/Database/Connectors/Connector.php(67): PDO::connect('mysql:host=127....', 'root', Object(SensitiveParameterValue), Array)
#1 /home/n0o0b090lv/DEV/LANG/LARAVEL/NOOB_FYI/vendor/laravel/framework/src/Illuminate/Database/Connectors/Connector.php(44): Illuminate\\Database\\Connectors\\Connector->createPdoConnection('mysql:host=127....', 'root', Object(SensitiveParameterValue), Array)
#2 /home/n0o0b090lv/DEV/LANG/LARAVEL/NOOB_FYI/vendor/laravel/framework/src/Illuminate/Database/Connectors/MySqlConnector.php(24): Illuminate\\Database\\Connectors\\Connector->createConnection('mysql:host=127....', Array, Array)
#3 /home/n0o0b090lv/DEV/LANG/LARAVEL/NOOB_FYI/vendor/laravel/framework/src/Illuminate/Database/Connectors/ConnectionFactory.php(220): Illuminate\\Database\\Connectors\\MySqlConnector->connect(Array)
#4 [internal function]: Illuminate\\Database\\Connectors\\ConnectionFactory->{closure:Illuminate\\Database\\Connectors\\ConnectionFactory::createPdoResolverWithHosts():213}()
#5 /home/n0o0b090lv/DEV/LANG/LARAVEL/NOOB_FYI/vendor/laravel/framework/src/Illuminate/Database/Connection.php(1298): call_user_func(Object(Closure))
#6 /home/n0o0b090lv/DEV/LANG/LARAVEL/NOOB_FYI/vendor/laravel/framework/src/Illuminate/Database/Connection.php(1336): Illuminate\\Database\\Connection->getPdo()
#7 /home/n0o0b090lv/DEV/LANG/LARAVEL/NOOB_FYI/vendor/laravel/framework/src/Illuminate/Database/Connection.php(542): Illuminate\\Database\\Connection->getReadPdo()
#8 /home/n0o0b090lv/DEV/LANG/LARAVEL/NOOB_FYI/vendor/laravel/framework/src/Illuminate/Database/Connection.php(435): Illuminate\\Database\\Connection->getPdoForSelect(true)
#9 /home/n0o0b090lv/DEV/LANG/LARAVEL/NOOB_FYI/vendor/laravel/framework/src/Illuminate/Database/Connection.php(846): Illuminate\\Database\\Connection->{closure:Illuminate\\Database\\Connection::select():426}('select * from `...', Array)
#10 /home/n0o0b090lv/DEV/LANG/LARAVEL/NOOB_FYI/vendor/laravel/framework/src/Illuminate/Database/Connection.php(813): Illuminate\\Database\\Connection->runQueryCallback('select * from `...', Array, Object(Closure))
#11 /home/n0o0b090lv/DEV/LANG/LARAVEL/NOOB_FYI/vendor/laravel/framework/src/Illuminate/Database/Connection.php(426): Illuminate\\Database\\Connection->run('select * from `...', Array, Object(Closure))
#12 /home/n0o0b090lv/DEV/LANG/LARAVEL/NOOB_FYI/vendor/laravel/framework/src/Illuminate/Database/Query/Builder.php(3629): Illuminate\\Database\\Connection->select('select * from `...', Array, true, Array)
#13 /home/n0o0b090lv/DEV/LANG/LARAVEL/NOOB_FYI/vendor/laravel/framework/src/Illuminate/Database/Query/Builder.php(3613): Illuminate\\Database\\Query\\Builder->runSelect()
#14 /home/n0o0b090lv/DEV/LANG/LARAVEL/NOOB_FYI/vendor/laravel/framework/src/Illuminate/Cache/DatabaseStore.php(142): Illuminate\\Database\\Query\\Builder->get()
#15 /home/n0o0b090lv/DEV/LANG/LARAVEL/NOOB_FYI/vendor/laravel/framework/src/Illuminate/Cache/DatabaseStore.php(117): Illuminate\\Cache\\DatabaseStore->many(Array)
#16 /home/n0o0b090lv/DEV/LANG/LARAVEL/NOOB_FYI/vendor/laravel/framework/src/Illuminate/Cache/Repository.php(138): Illuminate\\Cache\\DatabaseStore->get('illuminate:queu...')
#17 /home/n0o0b090lv/DEV/LANG/LARAVEL/NOOB_FYI/vendor/laravel/framework/src/Illuminate/Queue/QueueManager.php(347): Illuminate\\Cache\\Repository->get('illuminate:queu...')
#18 /home/n0o0b090lv/DEV/LANG/LARAVEL/NOOB_FYI/vendor/laravel/framework/src/Illuminate/Queue/Worker.php(509): Illuminate\\Queue\\QueueManager->getPausedQueues('database', Array)
#19 /home/n0o0b090lv/DEV/LANG/LARAVEL/NOOB_FYI/vendor/laravel/framework/src/Illuminate/Queue/Worker.php(466): Illuminate\\Queue\\Worker->getPausedQueues('database', Array)
#20 /home/n0o0b090lv/DEV/LANG/LARAVEL/NOOB_FYI/vendor/laravel/framework/src/Illuminate/Queue/Worker.php(426): Illuminate\\Queue\\Worker->getNextJob(Object(Illuminate\\Queue\\DatabaseQueue), 'default')
#21 /home/n0o0b090lv/DEV/LANG/LARAVEL/NOOB_FYI/vendor/laravel/framework/src/Illuminate/Queue/Console/WorkCommand.php(152): Illuminate\\Queue\\Worker->runNextJob('database', 'default', Object(Illuminate\\Queue\\WorkerOptions))
#22 /home/n0o0b090lv/DEV/LANG/LARAVEL/NOOB_FYI/vendor/laravel/framework/src/Illuminate/Queue/Console/WorkCommand.php(135): Illuminate\\Queue\\Console\\WorkCommand->runWorker('database', 'default')
#23 /home/n0o0b090lv/DEV/LANG/LARAVEL/NOOB_FYI/vendor/laravel/framework/src/Illuminate/Container/BoundMethod.php(36): Illuminate\\Queue\\Console\\WorkCommand->handle()
#24 /home/n0o0b090lv/DEV/LANG/LARAVEL/NOOB_FYI/vendor/laravel/framework/src/Illuminate/Container/Util.php(43): Illuminate\\Container\\BoundMethod::{closure:Illuminate\\Container\\BoundMethod::call():35}()
#25 /home/n0o0b090lv/DEV/LANG/LARAVEL/NOOB_FYI/vendor/laravel/framework/src/Illuminate/Container/BoundMethod.php(96): Illuminate\\Container\\Util::unwrapIfClosure(Object(Closure))
#26 /home/n0o0b090lv/DEV/LANG/LARAVEL/NOOB_FYI/vendor/laravel/framework/src/Illuminate/Container/BoundMethod.php(35): Illuminate\\Container\\BoundMethod::callBoundMethod(Object(Illuminate\\Foundation\\Application), Array, Object(Closure))
#27 /home/n0o0b090lv/DEV/LANG/LARAVEL/NOOB_FYI/vendor/laravel/framework/src/Illuminate/Container/Container.php(803): Illuminate\\Container\\BoundMethod::call(Object(Illuminate\\Foundation\\Application), Array, Array, NULL)
#28 /home/n0o0b090lv/DEV/LANG/LARAVEL/NOOB_FYI/vendor/laravel/framework/src/Illuminate/Console/Command.php(292): Illuminate\\Container\\Container->call(Array)
#29 /home/n0o0b090lv/DEV/LANG/LARAVEL/NOOB_FYI/vendor/symfony/console/Command/Command.php(285): Illuminate\\Console\\Command->execute(Object(Symfony\\Component\\Console\\Input\\ArgvInput), Object(Illuminate\\Console\\OutputStyle))
#30 /home/n0o0b090lv/DEV/LANG/LARAVEL/NOOB_FYI/vendor/laravel/framework/src/Illuminate/Console/Command.php(261): Symfony\\Component\\Console\\Command\\Command->run(Object(Symfony\\Component\\Console\\Input\\ArgvInput), Object(Illuminate\\Console\\OutputStyle))
#31 /home/n0o0b090lv/DEV/LANG/LARAVEL/NOOB_FYI/vendor/symfony/console/Application.php(1144): Illuminate\\Console\\Command->run(Object(Symfony\\Component\\Console\\Input\\ArgvInput), Object(Symfony\\Component\\Console\\Output\\ConsoleOutput))
#32 /home/n0o0b090lv/DEV/LANG/LARAVEL/NOOB_FYI/vendor/symfony/console/Application.php(379): Symfony\\Component\\Console\\Application->doRunCommand(Object(Illuminate\\Queue\\Console\\WorkCommand), Object(Symfony\\Component\\Console\\Input\\ArgvInput), Object(Symfony\\Component\\Console\\Output\\ConsoleOutput))
#33 /home/n0o0b090lv/DEV/LANG/LARAVEL/NOOB_FYI/vendor/symfony/console/Application.php(218): Symfony\\Component\\Console\\Application->doRun(Object(Symfony\\Component\\Console\\Input\\ArgvInput), Object(Symfony\\Component\\Console\\Output\\ConsoleOutput))
#34 /home/n0o0b090lv/DEV/LANG/LARAVEL/NOOB_FYI/vendor/laravel/framework/src/Illuminate/Foundation/Console/Kernel.php(198): Symfony\\Component\\Console\\Application->run(Object(Symfony\\Component\\Console\\Input\\ArgvInput), Object(Symfony\\Component\\Console\\Output\\ConsoleOutput))
#35 /home/n0o0b090lv/DEV/LANG/LARAVEL/NOOB_FYI/vendor/laravel/framework/src/Illuminate/Foundation/Application.php(1242): Illuminate\\Foundation\\Console\\Kernel->handle(Object(Symfony\\Component\\Console\\Input\\ArgvInput), Object(Symfony\\Component\\Console\\Output\\ConsoleOutput))
#36 /home/n0o0b090lv/DEV/LANG/LARAVEL/NOOB_FYI/artisan(16): Illuminate\\Foundation\\Application->handleCommand(Object(Symfony\\Component\\Console\\Input\\ArgvInput))
#37 {main}
"} 
[2026-09-10 11:31:04] local.ERROR: SQLSTATE[HY000] [1698] Access denied for user 'root'@'localhost' (Connection: mariadb, Host: 127.0.0.1, Port: 3306, Database: noob_fyi, SQL: select * from `cache` where `key` in (laravel-cache-illuminate:queues:paused)) {"exception":"[object] (Illuminate\\Database\\QueryException(code: 1698): SQLSTATE[HY000] [1698] Access denied for user 'root'@'localhost' (Connection: mariadb, Host: 127.0.0.1, Port: 3306, Database: noob_fyi, SQL: select * from `cache` where `key` in (laravel-cache-illuminate:queues:paused)) at /home/n0o0b090lv/DEV/LANG/LARAVEL/NOOB_FYI/vendor/laravel/framework/src/Illuminate/Database/Connection.php:857)
[stacktrace]
#0 /home/n0o0b090lv/DEV/LANG/LARAVEL/NOOB_FYI/vendor/laravel/framework/src/Illuminate/Database/Connection.php(813): Illuminate\\Database\\Connection->runQueryCallback('select * from `...', Array, Object(Closure))
#1 /home/n0o0b090lv/DEV/LANG/LARAVEL/NOOB_FYI/vendor/laravel/framework/src/Illuminate/Database/Connection.php(426): Illuminate\\Database\\Connection->run('select * from `...', Array, Object(Closure))
#2 /home/n0o0b090lv/DEV/LANG/LARAVEL/NOOB_FYI/vendor/laravel/framework/src/Illuminate/Database/Query/Builder.php(3629): Illuminate\\Database\\Connection->select('select * from `...', Array, true, Array)
#3 /home/n0o0b090lv/DEV/LANG/LARAVEL/NOOB_FYI/vendor/laravel/framework/src/Illuminate/Database/Query/Builder.php(3613): Illuminate\\Database\\Query\\Builder->runSelect()
#4 /home/n0o0b090lv/DEV/LANG/LARAVEL/NOOB_FYI/vendor/laravel/framework/src/Illuminate/Cache/DatabaseStore.php(142): Illuminate\\Database\\Query\\Builder->get()
#5 /home/n0o0b090lv/DEV/LANG/LARAVEL/NOOB_FYI/vendor/laravel/framework/src/Illuminate/Cache/DatabaseStore.php(117): Illuminate\\Cache\\DatabaseStore->many(Array)
#6 /home/n0o0b090lv/DEV/LANG/LARAVEL/NOOB_FYI/vendor/laravel/framework/src/Illuminate/Cache/Repository.php(138): Illuminate\\Cache\\DatabaseStore->get('illuminate:queu...')
#7 /home/n0o0b090lv/DEV/LANG/LARAVEL/NOOB_FYI/vendor/laravel/framework/src/Illuminate/Queue/QueueManager.php(347): Illuminate\\Cache\\Repository->get('illuminate:queu...')
#8 /home/n0o0b090lv/DEV/LANG/LARAVEL/NOOB_FYI/vendor/laravel/framework/src/Illuminate/Queue/Worker.php(509): Illuminate\\Queue\\QueueManager->getPausedQueues('database', Array)
#9 /home/n0o0b090lv/DEV/LANG/LARAVEL/NOOB_FYI/vendor/laravel/framework/src/Illuminate/Queue/Worker.php(466): Illuminate\\Queue\\Worker->getPausedQueues('database', Array)
#10 /home/n0o0b090lv/DEV/LANG/LARAVEL/NOOB_FYI/vendor/laravel/framework/src/Illuminate/Queue/Worker.php(426): Illuminate\\Queue\\Worker->getNextJob(Object(Illuminate\\Queue\\DatabaseQueue), 'default')
#11 /home/n0o0b090lv/DEV/LANG/LARAVEL/NOOB_FYI/vendor/laravel/framework/src/Illuminate/Queue/Console/WorkCommand.php(152): Illuminate\\Queue\\Worker->runNextJob('database', 'default', Object(Illuminate\\Queue\\WorkerOptions))
#12 /home/n0o0b090lv/DEV/LANG/LARAVEL/NOOB_FYI/vendor/laravel/framework/src/Illuminate/Queue/Console/WorkCommand.php(135): Illuminate\\Queue\\Console\\WorkCommand->runWorker('database', 'default')
#13 /home/n0o0b090lv/DEV/LANG/LARAVEL/NOOB_FYI/vendor/laravel/framework/src/Illuminate/Container/BoundMethod.php(36): Illuminate\\Queue\\Console\\WorkCommand->handle()
#14 /home/n0o0b090lv/DEV/LANG/LARAVEL/NOOB_FYI/vendor/laravel/framework/src/Illuminate/Container/Util.php(43): Illuminate\\Container\\BoundMethod::{closure:Illuminate\\Container\\BoundMethod::call():35}()
#15 /home/n0o0b090lv/DEV/LANG/LARAVEL/NOOB_FYI/vendor/laravel/framework/src/Illuminate/Container/BoundMethod.php(96): Illuminate\\Container\\Util::unwrapIfClosure(Object(Closure))
#16 /home/n0o0b090lv/DEV/LANG/LARAVEL/NOOB_FYI/vendor/laravel/framework/src/Illuminate/Container/BoundMethod.php(35): Illuminate\\Container\\BoundMethod::callBoundMethod(Object(Illuminate\\Foundation\\Application), Array, Object(Closure))
#17 /home/n0o0b090lv/DEV/LANG/LARAVEL/NOOB_FYI/vendor/laravel/framework/src/Illuminate/Container/Container.php(803): Illuminate\\Container\\BoundMethod::call(Object(Illuminate\\Foundation\\Application), Array, Array, NULL)
#18 /home/n0o0b090lv/DEV/LANG/LARAVEL/NOOB_FYI/vendor/laravel/framework/src/Illuminate/Console/Command.php(292): Illuminate\\Container\\Container->call(Array)
#19 /home/n0o0b090lv/DEV/LANG/LARAVEL/NOOB_FYI/vendor/symfony/console/Command/Command.php(285): Illuminate\\Console\\Command->execute(Object(Symfony\\Component\\Console\\Input\\ArgvInput), Object(Illuminate\\Console\\OutputStyle))
#20 /home/n0o0b090lv/DEV/LANG/LARAVEL/NOOB_FYI/vendor/laravel/framework/src/Illuminate/Console/Command.php(261): Symfony\\Component\\Console\\Command\\Command->run(Object(Symfony\\Component\\Console\\Input\\ArgvInput), Object(Illuminate\\Console\\OutputStyle))
#21 /home/n0o0b090lv/DEV/LANG/LARAVEL/NOOB_FYI/vendor/symfony/console/Application.php(1144): Illuminate\\Console\\Command->run(Object(Symfony\\Component\\Console\\Input\\ArgvInput), Object(Symfony\\Component\\Console\\Output\\ConsoleOutput))
#22 /home/n0o0b090lv/DEV/LANG/LARAVEL/NOOB_FYI/vendor/symfony/console/Application.php(379): Symfony\\Component\\Console\\Application->doRunCommand(Object(Illuminate\\Queue\\Console\\WorkCommand), Object(Symfony\\Component\\Console\\Input\\ArgvInput), Object(Symfony\\Component\\Console\\Output\\ConsoleOutput))
#23 /home/n0o0b090lv/DEV/LANG/LARAVEL/NOOB_FYI/vendor/symfony/console/Application.php(218): Symfony\\Component\\Console\\Application->doRun(Object(Symfony\\Component\\Console\\Input\\ArgvInput), Object(Symfony\\Component\\Console\\Output\\ConsoleOutput))
#24 /home/n0o0b090lv/DEV/LANG/LARAVEL/NOOB_FYI/vendor/laravel/framework/src/Illuminate/Foundation/Console/Kernel.php(198): Symfony\\Component\\Console\\Application->run(Object(Symfony\\Component\\Console\\Input\\ArgvInput), Object(Symfony\\Component\\Console\\Output\\ConsoleOutput))
#25 /home/n0o0b090lv/DEV/LANG/LARAVEL/NOOB_FYI/vendor/laravel/framework/src/Illuminate/Foundation/Application.php(1242): Illuminate\\Foundation\\Console\\Kernel->handle(Object(Symfony\\Component\\Console\\Input\\ArgvInput), Object(Symfony\\Component\\Console\\Output\\ConsoleOutput))
#26 /home/n0o0b090lv/DEV/LANG/LARAVEL/NOOB_FYI/artisan(16): Illuminate\\Foundation\\Application->handleCommand(Object(Symfony\\Component\\Console\\Input\\ArgvInput))
#27 {main}

[previous exception] [object] (PDOException(code: 1698): SQLSTATE[HY000] [1698] Access denied for user 'root'@'localhost' at /home/n0o0b090lv/DEV/LANG/LARAVEL/NOOB_FYI/vendor/laravel/framework/src/Illuminate/Database/Connectors/Connector.php:67)
[stacktrace]
#0 /home/n0o0b090lv/DEV/LANG/LARAVEL/NOOB_FYI/vendor/laravel/framework/src/Illuminate/Database/Connectors/Connector.php(67): PDO::connect('mysql:host=127....', 'root', Object(SensitiveParameterValue), Array)
#1 /home/n0o0b090lv/DEV/LANG/LARAVEL/NOOB_FYI/vendor/laravel/framework/src/Illuminate/Database/Connectors/Connector.php(44): Illuminate\\Database\\Connectors\\Connector->createPdoConnection('mysql:host=127....', 'root', Object(SensitiveParameterValue), Array)
#2 /home/n0o0b090lv/DEV/LANG/LARAVEL/NOOB_FYI/vendor/laravel/framework/src/Illuminate/Database/Connectors/MySqlConnector.php(24): Illuminate\\Database\\Connectors\\Connector->createConnection('mysql:host=127....', Array, Array)
#3 /home/n0o0b090lv/DEV/LANG/LARAVEL/NOOB_FYI/vendor/laravel/framework/src/Illuminate/Database/Connectors/ConnectionFactory.php(220): Illuminate\\Database\\Connectors\\MySqlConnector->connect(Array)
#4 [internal function]: Illuminate\\Database\\Connectors\\ConnectionFactory->{closure:Illuminate\\Database\\Connectors\\ConnectionFactory::createPdoResolverWithHosts():213}()
#5 /home/n0o0b090lv/DEV/LANG/LARAVEL/NOOB_FYI/vendor/laravel/framework/src/Illuminate/Database/Connection.php(1298): call_user_func(Object(Closure))
#6 /home/n0o0b090lv/DEV/LANG/LARAVEL/NOOB_FYI/vendor/laravel/framework/src/Illuminate/Database/Connection.php(1336): Illuminate\\Database\\Connection->getPdo()
#7 /home/n0o0b090lv/DEV/LANG/LARAVEL/NOOB_FYI/vendor/laravel/framework/src/Illuminate/Database/Connection.php(542): Illuminate\\Database\\Connection->getReadPdo()
#8 /home/n0o0b090lv/DEV/LANG/LARAVEL/NOOB_FYI/vendor/laravel/framework/src/Illuminate/Database/Connection.php(435): Illuminate\\Database\\Connection->getPdoForSelect(true)
#9 /home/n0o0b090lv/DEV/LANG/LARAVEL/NOOB_FYI/vendor/laravel/framework/src/Illuminate/Database/Connection.php(846): Illuminate\\Database\\Connection->{closure:Illuminate\\Database\\Connection::select():426}('select * from `...', Array)
#10 /home/n0o0b090lv/DEV/LANG/LARAVEL/NOOB_FYI/vendor/laravel/framework/src/Illuminate/Database/Connection.php(813): Illuminate\\Database\\Connection->runQueryCallback('select * from `...', Array, Object(Closure))
#11 /home/n0o0b090lv/DEV/LANG/LARAVEL/NOOB_FYI/vendor/laravel/framework/src/Illuminate/Database/Connection.php(426): Illuminate\\Database\\Connection->run('select * from `...', Array, Object(Closure))
#12 /home/n0o0b090lv/DEV/LANG/LARAVEL/NOOB_FYI/vendor/laravel/framework/src/Illuminate/Database/Query/Builder.php(3629): Illuminate\\Database\\Connection->select('select * from `...', Array, true, Array)
#13 /home/n0o0b090lv/DEV/LANG/LARAVEL/NOOB_FYI/vendor/laravel/framework/src/Illuminate/Database/Query/Builder.php(3613): Illuminate\\Database\\Query\\Builder->runSelect()
#14 /home/n0o0b090lv/DEV/LANG/LARAVEL/NOOB_FYI/vendor/laravel/framework/src/Illuminate/Cache/DatabaseStore.php(142): Illuminate\\Database\\Query\\Builder->get()
#15 /home/n0o0b090lv/DEV/LANG/LARAVEL/NOOB_FYI/vendor/laravel/framework/src/Illuminate/Cache/DatabaseStore.php(117): Illuminate\\Cache\\DatabaseStore->many(Array)
#16 /home/n0o0b090lv/DEV/LANG/LARAVEL/NOOB_FYI/vendor/laravel/framework/src/Illuminate/Cache/Repository.php(138): Illuminate\\Cache\\DatabaseStore->get('illuminate:queu...')
#17 /home/n0o0b090lv/DEV/LANG/LARAVEL/NOOB_FYI/vendor/laravel/framework/src/Illuminate/Queue/QueueManager.php(347): Illuminate\\Cache\\Repository->get('illuminate:queu...')
#18 /home/n0o0b090lv/DEV/LANG/LARAVEL/NOOB_FYI/vendor/laravel/framework/src/Illuminate/Queue/Worker.php(509): Illuminate\\Queue\\QueueManager->getPausedQueues('database', Array)
#19 /home/n0o0b090lv/DEV/LANG/LARAVEL/NOOB_FYI/vendor/laravel/framework/src/Illuminate/Queue/Worker.php(466): Illuminate\\Queue\\Worker->getPausedQueues('database', Array)
#20 /home/n0o0b090lv/DEV/LANG/LARAVEL/NOOB_FYI/vendor/laravel/framework/src/Illuminate/Queue/Worker.php(426): Illuminate\\Queue\\Worker->getNextJob(Object(Illuminate\\Queue\\DatabaseQueue), 'default')
#21 /home/n0o0b090lv/DEV/LANG/LARAVEL/NOOB_FYI/vendor/laravel/framework/src/Illuminate/Queue/Console/WorkCommand.php(152): Illuminate\\Queue\\Worker->runNextJob('database', 'default', Object(Illuminate\\Queue\\WorkerOptions))
#22 /home/n0o0b090lv/DEV/LANG/LARAVEL/NOOB_FYI/vendor/laravel/framework/src/Illuminate/Queue/Console/WorkCommand.php(135): Illuminate\\Queue\\Console\\WorkCommand->runWorker('database', 'default')
#23 /home/n0o0b090lv/DEV/LANG/LARAVEL/NOOB_FYI/vendor/laravel/framework/src/Illuminate/Container/BoundMethod.php(36): Illuminate\\Queue\\Console\\WorkCommand->handle()
#24 /home/n0o0b090lv/DEV/LANG/LARAVEL/NOOB_FYI/vendor/laravel/framework/src/Illuminate/Container/Util.php(43): Illuminate\\Container\\BoundMethod::{closure:Illuminate\\Container\\BoundMethod::call():35}()
#25 /home/n0o0b090lv/DEV/LANG/LARAVEL/NOOB_FYI/vendor/laravel/framework/src/Illuminate/Container/BoundMethod.php(96): Illuminate\\Container\\Util::unwrapIfClosure(Object(Closure))
#26 /home/n0o0b090lv/DEV/LANG/LARAVEL/NOOB_FYI/vendor/laravel/framework/src/Illuminate/Container/BoundMethod.php(35): Illuminate\\Container\\BoundMethod::callBoundMethod(Object(Illuminate\\Foundation\\Application), Array, Object(Closure))
#27 /home/n0o0b090lv/DEV/LANG/LARAVEL/NOOB_FYI/vendor/laravel/framework/src/Illuminate/Container/Container.php(803): Illuminate\\Container\\BoundMethod::call(Object(Illuminate\\Foundation\\Application), Array, Array, NULL)
#28 /home/n0o0b090lv/DEV/LANG/LARAVEL/NOOB_FYI/vendor/laravel/framework/src/Illuminate/Console/Command.php(292): Illuminate\\Container\\Container->call(Array)
#29 /home/n0o0b090lv/DEV/LANG/LARAVEL/NOOB_FYI/vendor/symfony/console/Command/Command.php(285): Illuminate\\Console\\Command->execute(Object(Symfony\\Component\\Console\\Input\\ArgvInput), Object(Illuminate\\Console\\OutputStyle))
#30 /home/n0o0b090lv/DEV/LANG/LARAVEL/NOOB_FYI/vendor/laravel/framework/src/Illuminate/Console/Command.php(261): Symfony\\Component\\Console\\Command\\Command->run(Object(Symfony\\Component\\Console\\Input\\ArgvInput), Object(Illuminate\\Console\\OutputStyle))
#31 /home/n0o0b090lv/DEV/LANG/LARAVEL/NOOB_FYI/vendor/symfony/console/Application.php(1144): Illuminate\\Console\\Command->run(Object(Symfony\\Component\\Console\\Input\\ArgvInput), Object(Symfony\\Component\\Console\\Output\\ConsoleOutput))
#32 /home/n0o0b090lv/DEV/LANG/LARAVEL/NOOB_FYI/vendor/symfony/console/Application.php(379): Symfony\\Component\\Console\\Application->doRunCommand(Object(Illuminate\\Queue\\Console\\WorkCommand), Object(Symfony\\Component\\Console\\Input\\ArgvInput), Object(Symfony\\Component\\Console\\Output\\ConsoleOutput))
#33 /home/n0o0b090lv/DEV/LANG/LARAVEL/NOOB_FYI/vendor/symfony/console/Application.php(218): Symfony\\Component\\Console\\Application->doRun(Object(Symfony\\Component\\Console\\Input\\ArgvInput), Object(Symfony\\Component\\Console\\Output\\ConsoleOutput))
#34 /home/n0o0b090lv/DEV/LANG/LARAVEL/NOOB_FYI/vendor/laravel/framework/src/Illuminate/Foundation/Console/Kernel.php(198): Symfony\\Component\\Console\\Application->run(Object(Symfony\\Component\\Console\\Input\\ArgvInput), Object(Symfony\\Component\\Console\\Output\\ConsoleOutput))
#35 /home/n0o0b090lv/DEV/LANG/LARAVEL/NOOB_FYI/vendor/laravel/framework/src/Illuminate/Foundation/Application.php(1242): Illuminate\\Foundation\\Console\\Kernel->handle(Object(Symfony\\Component\\Console\\Input\\ArgvInput), Object(Symfony\\Component\\Console\\Output\\ConsoleOutput))
#36 /home/n0o0b090lv/DEV/LANG/LARAVEL/NOOB_FYI/artisan(16): Illuminate\\Foundation\\Application->handleCommand(Object(Symfony\\Component\\Console\\Input\\ArgvInput))
#37 {main}
"} 
[2026-09-10 11:31:09] local.ERROR: SQLSTATE[HY000] [1698] Access denied for user 'root'@'localhost' (Connection: mariadb, Host: 127.0.0.1, Port: 3306, Database: noob_fyi, SQL: select * from `cache` where `key` in (laravel-cache-illuminate:queues:paused)) {"exception":"[object] (Illuminate\\Database\\QueryException(code: 1698): SQLSTATE[HY000] [1698] Access denied for user 'root'@'localhost' (Connection: mariadb, Host: 127.0.0.1, Port: 3306, Database: noob_fyi, SQL: select * from `cache` where `key` in (laravel-cache-illuminate:queues:paused)) at /home/n0o0b090lv/DEV/LANG/LARAVEL/NOOB_FYI/vendor/laravel/framework/src/Illuminate/Database/Connection.php:857)
[stacktrace]
#0 /home/n0o0b090lv/DEV/LANG/LARAVEL/NOOB_FYI/vendor/laravel/framework/src/Illuminate/Database/Connection.php(813): Illuminate\\Database\\Connection->runQueryCallback('select * from `...', Array, Object(Closure))
#1 /home/n0o0b090lv/DEV/LANG/LARAVEL/NOOB_FYI/vendor/laravel/framework/src/Illuminate/Database/Connection.php(426): Illuminate\\Database\\Connection->run('select * from `...', Array, Object(Closure))
#2 /home/n0o0b090lv/DEV/LANG/LARAVEL/NOOB_FYI/vendor/laravel/framework/src/Illuminate/Database/Query/Builder.php(3629): Illuminate\\Database\\Connection->select('select * from `...', Array, true, Array)
#3 /home/n0o0b090lv/DEV/LANG/LARAVEL/NOOB_FYI/vendor/laravel/framework/src/Illuminate/Database/Query/Builder.php(3613): Illuminate\\Database\\Query\\Builder->runSelect()
#4 /home/n0o0b090lv/DEV/LANG/LARAVEL/NOOB_FYI/vendor/laravel/framework/src/Illuminate/Cache/DatabaseStore.php(142): Illuminate\\Database\\Query\\Builder->get()
#5 /home/n0o0b090lv/DEV/LANG/LARAVEL/NOOB_FYI/vendor/laravel/framework/src/Illuminate/Cache/DatabaseStore.php(117): Illuminate\\Cache\\DatabaseStore->many(Array)
#6 /home/n0o0b090lv/DEV/LANG/LARAVEL/NOOB_FYI/vendor/laravel/framework/src/Illuminate/Cache/Repository.php(138): Illuminate\\Cache\\DatabaseStore->get('illuminate:queu...')
#7 /home/n0o0b090lv/DEV/LANG/LARAVEL/NOOB_FYI/vendor/laravel/framework/src/Illuminate/Queue/QueueManager.php(347): Illuminate\\Cache\\Repository->get('illuminate:queu...')
#8 /home/n0o0b090lv/DEV/LANG/LARAVEL/NOOB_FYI/vendor/laravel/framework/src/Illuminate/Queue/Worker.php(509): Illuminate\\Queue\\QueueManager->getPausedQueues('database', Array)
#9 /home/n0o0b090lv/DEV/LANG/LARAVEL/NOOB_FYI/vendor/laravel/framework/src/Illuminate/Queue/Worker.php(466): Illuminate\\Queue\\Worker->getPausedQueues('database', Array)
#10 /home/n0o0b090lv/DEV/LANG/LARAVEL/NOOB_FYI/vendor/laravel/framework/src/Illuminate/Queue/Worker.php(426): Illuminate\\Queue\\Worker->getNextJob(Object(Illuminate\\Queue\\DatabaseQueue), 'default')
#11 /home/n0o0b090lv/DEV/LANG/LARAVEL/NOOB_FYI/vendor/laravel/framework/src/Illuminate/Queue/Console/WorkCommand.php(152): Illuminate\\Queue\\Worker->runNextJob('database', 'default', Object(Illuminate\\Queue\\WorkerOptions))
#12 /home/n0o0b090lv/DEV/LANG/LARAVEL/NOOB_FYI/vendor/laravel/framework/src/Illuminate/Queue/Console/WorkCommand.php(135): Illuminate\\Queue\\Console\\WorkCommand->runWorker('database', 'default')
#13 /home/n0o0b090lv/DEV/LANG/LARAVEL/NOOB_FYI/vendor/laravel/framework/src/Illuminate/Container/BoundMethod.php(36): Illuminate\\Queue\\Console\\WorkCommand->handle()
#14 /home/n0o0b090lv/DEV/LANG/LARAVEL/NOOB_FYI/vendor/laravel/framework/src/Illuminate/Container/Util.php(43): Illuminate\\Container\\BoundMethod::{closure:Illuminate\\Container\\BoundMethod::call():35}()
#15 /home/n0o0b090lv/DEV/LANG/LARAVEL/NOOB_FYI/vendor/laravel/framework/src/Illuminate/Container/BoundMethod.php(96): Illuminate\\Container\\Util::unwrapIfClosure(Object(Closure))
#16 /home/n0o0b090lv/DEV/LANG/LARAVEL/NOOB_FYI/vendor/laravel/framework/src/Illuminate/Container/BoundMethod.php(35): Illuminate\\Container\\BoundMethod::callBoundMethod(Object(Illuminate\\Foundation\\Application), Array, Object(Closure))
#17 /home/n0o0b090lv/DEV/LANG/LARAVEL/NOOB_FYI/vendor/laravel/framework/src/Illuminate/Container/Container.php(803): Illuminate\\Container\\BoundMethod::call(Object(Illuminate\\Foundation\\Application), Array, Array, NULL)
#18 /home/n0o0b090lv/DEV/LANG/LARAVEL/NOOB_FYI/vendor/laravel/framework/src/Illuminate/Console/Command.php(292): Illuminate\\Container\\Container->call(Array)
#19 /home/n0o0b090lv/DEV/LANG/LARAVEL/NOOB_FYI/vendor/symfony/console/Command/Command.php(285): Illuminate\\Console\\Command->execute(Object(Symfony\\Component\\Console\\Input\\ArgvInput), Object(Illuminate\\Console\\OutputStyle))
#20 /home/n0o0b090lv/DEV/LANG/LARAVEL/NOOB_FYI/vendor/laravel/framework/src/Illuminate/Console/Command.php(261): Symfony\\Component\\Console\\Command\\Command->run(Object(Symfony\\Component\\Console\\Input\\ArgvInput), Object(Illuminate\\Console\\OutputStyle))
#21 /home/n0o0b090lv/DEV/LANG/LARAVEL/NOOB_FYI/vendor/symfony/console/Application.php(1144): Illuminate\\Console\\Command->run(Object(Symfony\\Component\\Console\\Input\\ArgvInput), Object(Symfony\\Component\\Console\\Output\\ConsoleOutput))
#22 /home/n0o0b090lv/DEV/LANG/LARAVEL/NOOB_FYI/vendor/symfony/console/Application.php(379): Symfony\\Component\\Console\\Application->doRunCommand(Object(Illuminate\\Queue\\Console\\WorkCommand), Object(Symfony\\Component\\Console\\Input\\ArgvInput), Object(Symfony\\Component\\Console\\Output\\ConsoleOutput))
#23 /home/n0o0b090lv/DEV/LANG/LARAVEL/NOOB_FYI/vendor/symfony/console/Application.php(218): Symfony\\Component\\Console\\Application->doRun(Object(Symfony\\Component\\Console\\Input\\ArgvInput), Object(Symfony\\Component\\Console\\Output\\ConsoleOutput))
#24 /home/n0o0b090lv/DEV/LANG/LARAVEL/NOOB_FYI/vendor/laravel/framework/src/Illuminate/Foundation/Console/Kernel.php(198): Symfony\\Component\\Console\\Application->run(Object(Symfony\\Component\\Console\\Input\\ArgvInput), Object(Symfony\\Component\\Console\\Output\\ConsoleOutput))
#25 /home/n0o0b090lv/DEV/LANG/LARAVEL/NOOB_FYI/vendor/laravel/framework/src/Illuminate/Foundation/Application.php(1242): Illuminate\\Foundation\\Console\\Kernel->handle(Object(Symfony\\Component\\Console\\Input\\ArgvInput), Object(Symfony\\Component\\Console\\Output\\ConsoleOutput))
#26 /home/n0o0b090lv/DEV/LANG/LARAVEL/NOOB_FYI/artisan(16): Illuminate\\Foundation\\Application->handleCommand(Object(Symfony\\Component\\Console\\Input\\ArgvInput))
#27 {main}

[previous exception] [object] (PDOException(code: 1698): SQLSTATE[HY000] [1698] Access denied for user 'root'@'localhost' at /home/n0o0b090lv/DEV/LANG/LARAVEL/NOOB_FYI/vendor/laravel/framework/src/Illuminate/Database/Connectors/Connector.php:67)
[stacktrace]
#0 /home/n0o0b090lv/DEV/LANG/LARAVEL/NOOB_FYI/vendor/laravel/framework/src/Illuminate/Database/Connectors/Connector.php(67): PDO::connect('mysql:host=127....', 'root', Object(SensitiveParameterValue), Array)
#1 /home/n0o0b090lv/DEV/LANG/LARAVEL/NOOB_FYI/vendor/laravel/framework/src/Illuminate/Database/Connectors/Connector.php(44): Illuminate\\Database\\Connectors\\Connector->createPdoConnection('mysql:host=127....', 'root', Object(SensitiveParameterValue), Array)
#2 /home/n0o0b090lv/DEV/LANG/LARAVEL/NOOB_FYI/vendor/laravel/framework/src/Illuminate/Database/Connectors/MySqlConnector.php(24): Illuminate\\Database\\Connectors\\Connector->createConnection('mysql:host=127....', Array, Array)
#3 /home/n0o0b090lv/DEV/LANG/LARAVEL/NOOB_FYI/vendor/laravel/framework/src/Illuminate/Database/Connectors/ConnectionFactory.php(220): Illuminate\\Database\\Connectors\\MySqlConnector->connect(Array)
#4 [internal function]: Illuminate\\Database\\Connectors\\ConnectionFactory->{closure:Illuminate\\Database\\Connectors\\ConnectionFactory::createPdoResolverWithHosts():213}()
#5 /home/n0o0b090lv/DEV/LANG/LARAVEL/NOOB_FYI/vendor/laravel/framework/src/Illuminate/Database/Connection.php(1298): call_user_func(Object(Closure))
#6 /home/n0o0b090lv/DEV/LANG/LARAVEL/NOOB_FYI/vendor/laravel/framework/src/Illuminate/Database/Connection.php(1336): Illuminate\\Database\\Connection->getPdo()
#7 /home/n0o0b090lv/DEV/LANG/LARAVEL/NOOB_FYI/vendor/laravel/framework/src/Illuminate/Database/Connection.php(542): Illuminate\\Database\\Connection->getReadPdo()
#8 /home/n0o0b090lv/DEV/LANG/LARAVEL/NOOB_FYI/vendor/laravel/framework/src/Illuminate/Database/Connection.php(435): Illuminate\\Database\\Connection->getPdoForSelect(true)
#9 /home/n0o0b090lv/DEV/LANG/LARAVEL/NOOB_FYI/vendor/laravel/framework/src/Illuminate/Database/Connection.php(846): Illuminate\\Database\\Connection->{closure:Illuminate\\Database\\Connection::select():426}('select * from `...', Array)
#10 /home/n0o0b090lv/DEV/LANG/LARAVEL/NOOB_FYI/vendor/laravel/framework/src/Illuminate/Database/Connection.php(813): Illuminate\\Database\\Connection->runQueryCallback('select * from `...', Array, Object(Closure))
#11 /home/n0o0b090lv/DEV/LANG/LARAVEL/NOOB_FYI/vendor/laravel/framework/src/Illuminate/Database/Connection.php(426): Illuminate\\Database\\Connection->run('select * from `...', Array, Object(Closure))
#12 /home/n0o0b090lv/DEV/LANG/LARAVEL/NOOB_FYI/vendor/laravel/framework/src/Illuminate/Database/Query/Builder.php(3629): Illuminate\\Database\\Connection->select('select * from `...', Array, true, Array)
#13 /home/n0o0b090lv/DEV/LANG/LARAVEL/NOOB_FYI/vendor/laravel/framework/src/Illuminate/Database/Query/Builder.php(3613): Illuminate\\Database\\Query\\Builder->runSelect()
#14 /home/n0o0b090lv/DEV/LANG/LARAVEL/NOOB_FYI/vendor/laravel/framework/src/Illuminate/Cache/DatabaseStore.php(142): Illuminate\\Database\\Query\\Builder->get()
#15 /home/n0o0b090lv/DEV/LANG/LARAVEL/NOOB_FYI/vendor/laravel/framework/src/Illuminate/Cache/DatabaseStore.php(117): Illuminate\\Cache\\DatabaseStore->many(Array)
#16 /home/n0o0b090lv/DEV/LANG/LARAVEL/NOOB_FYI/vendor/laravel/framework/src/Illuminate/Cache/Repository.php(138): Illuminate\\Cache\\DatabaseStore->get('illuminate:queu...')
#17 /home/n0o0b090lv/DEV/LANG/LARAVEL/NOOB_FYI/vendor/laravel/framework/src/Illuminate/Queue/QueueManager.php(347): Illuminate\\Cache\\Repository->get('illuminate:queu...')
#18 /home/n0o0b090lv/DEV/LANG/LARAVEL/NOOB_FYI/vendor/laravel/framework/src/Illuminate/Queue/Worker.php(509): Illuminate\\Queue\\QueueManager->getPausedQueues('database', Array)
#19 /home/n0o0b090lv/DEV/LANG/LARAVEL/NOOB_FYI/vendor/laravel/framework/src/Illuminate/Queue/Worker.php(466): Illuminate\\Queue\\Worker->getPausedQueues('database', Array)
#20 /home/n0o0b090lv/DEV/LANG/LARAVEL/NOOB_FYI/vendor/laravel/framework/src/Illuminate/Queue/Worker.php(426): Illuminate\\Queue\\Worker->getNextJob(Object(Illuminate\\Queue\\DatabaseQueue), 'default')
#21 /home/n0o0b090lv/DEV/LANG/LARAVEL/NOOB_FYI/vendor/laravel/framework/src/Illuminate/Queue/Console/WorkCommand.php(152): Illuminate\\Queue\\Worker->runNextJob('database', 'default', Object(Illuminate\\Queue\\WorkerOptions))
#22 /home/n0o0b090lv/DEV/LANG/LARAVEL/NOOB_FYI/vendor/laravel/framework/src/Illuminate/Queue/Console/WorkCommand.php(135): Illuminate\\Queue\\Console\\WorkCommand->runWorker('database', 'default')
#23 /home/n0o0b090lv/DEV/LANG/LARAVEL/NOOB_FYI/vendor/laravel/framework/src/Illuminate/Container/BoundMethod.php(36): Illuminate\\Queue\\Console\\WorkCommand->handle()
#24 /home/n0o0b090lv/DEV/LANG/LARAVEL/NOOB_FYI/vendor/laravel/framework/src/Illuminate/Container/Util.php(43): Illuminate\\Container\\BoundMethod::{closure:Illuminate\\Container\\BoundMethod::call():35}()
#25 /home/n0o0b090lv/DEV/LANG/LARAVEL/NOOB_FYI/vendor/laravel/framework/src/Illuminate/Container/BoundMethod.php(96): Illuminate\\Container\\Util::unwrapIfClosure(Object(Closure))
#26 /home/n0o0b090lv/DEV/LANG/LARAVEL/NOOB_FYI/vendor/laravel/framework/src/Illuminate/Container/BoundMethod.php(35): Illuminate\\Container\\BoundMethod::callBoundMethod(Object(Illuminate\\Foundation\\Application), Array, Object(Closure))
#27 /home/n0o0b090lv/DEV/LANG/LARAVEL/NOOB_FYI/vendor/laravel/framework/src/Illuminate/Container/Container.php(803): Illuminate\\Container\\BoundMethod::call(Object(Illuminate\\Foundation\\Application), Array, Array, NULL)
#28 /home/n0o0b090lv/DEV/LANG/LARAVEL/NOOB_FYI/vendor/laravel/framework/src/Illuminate/Console/Command.php(292): Illuminate\\Container\\Container->call(Array)
#29 /home/n0o0b090lv/DEV/LANG/LARAVEL/NOOB_FYI/vendor/symfony/console/Command/Command.php(285): Illuminate\\Console\\Command->execute(Object(Symfony\\Component\\Console\\Input\\ArgvInput), Object(Illuminate\\Console\\OutputStyle))
#30 /home/n0o0b090lv/DEV/LANG/LARAVEL/NOOB_FYI/vendor/laravel/framework/src/Illuminate/Console/Command.php(261): Symfony\\Component\\Console\\Command\\Command->run(Object(Symfony\\Component\\Console\\Input\\ArgvInput), Object(Illuminate\\Console\\OutputStyle))
#31 /home/n0o0b090lv/DEV/LANG/LARAVEL/NOOB_FYI/vendor/symfony/console/Application.php(1144): Illuminate\\Console\\Command->run(Object(Symfony\\Component\\Console\\Input\\ArgvInput), Object(Symfony\\Component\\Console\\Output\\ConsoleOutput))
#32 /home/n0o0b090lv/DEV/LANG/LARAVEL/NOOB_FYI/vendor/symfony/console/Application.php(379): Symfony\\Component\\Console\\Application->doRunCommand(Object(Illuminate\\Queue\\Console\\WorkCommand), Object(Symfony\\Component\\Console\\Input\\ArgvInput), Object(Symfony\\Component\\Console\\Output\\ConsoleOutput))
#33 /home/n0o0b090lv/DEV/LANG/LARAVEL/NOOB_FYI/vendor/symfony/console/Application.php(218): Symfony\\Component\\Console\\Application->doRun(Object(Symfony\\Component\\Console\\Input\\ArgvInput), Object(Symfony\\Component\\Console\\Output\\ConsoleOutput))
#34 /home/n0o0b090lv/DEV/LANG/LARAVEL/NOOB_FYI/vendor/laravel/framework/src/Illuminate/Foundation/Console/Kernel.php(198): Symfony\\Component\\Console\\Application->run(Object(Symfony\\Component\\Console\\Input\\ArgvInput), Object(Symfony\\Component\\Console\\Output\\ConsoleOutput))
#35 /home/n0o0b090lv/DEV/LANG/LARAVEL/NOOB_FYI/vendor/laravel/framework/src/Illuminate/Foundation/Application.php(1242): Illuminate\\Foundation\\Console\\Kernel->handle(Object(Symfony\\Component\\Console\\Input\\ArgvInput), Object(Symfony\\Component\\Console\\Output\\ConsoleOutput))
#36 /home/n0o0b090lv/DEV/LANG/LARAVEL/NOOB_FYI/artisan(16): Illuminate\\Foundation\\Application->handleCommand(Object(Symfony\\Component\\Console\\Input\\ArgvInput))
#37 {main}
"} 
